artist,title,member,url
NMIXX,Heavy Serenade,LILY,https://www.youtube.com/watch?v=smTIGQQ4tDg
NMIXX,SPINNIN' ON IT,LILY,https://www.youtube.com/watch?v=76Xu8_I4GSk
NMIXX,Blue Valentine,LILY,https://www.youtube.com/watch?v=AaUKYQO8pK0
NMIXX,KNOW ABOUT ME,LILY,https://www.youtube.com/watch?v=Gw281-JBY20
NMIXX,KNOW ABOUT ME,LILY,https://www.youtube.com/watch?v=l3jNmqc1BLc
NMIXX,별별별 (See that?),LILY,https://www.youtube.com/watch?v=bUwV6bQWowI
NMIXX,Run For Roses,LILY,https://www.youtube.com/watch?v=rW2v75v4aNM
NMIXX,Soñar (Breaker),LILY,https://www.youtube.com/watch?v=oh432_NXWb8
NMIXX,DICE,LILY,https://www.youtube.com/watch?v=XldlDxn3g30
KISS OF LIFE,Igloo,HANUEL,https://youtu.be/oLBsbo_ipLg?si=Mjee5irgjmfrzsJL
NMIXX,Heavy Serenade,SULLYOON,https://youtu.be/MSmq1piKDCA?si=JIJwDVTYmLUiBMWm
NMIXX,Heavy Serenade,SULLYOON,https://youtu.be/q0oIdrNzIN4?si=NcKQKjHwsmXseCVF
NMIXX,Blue Valentine,SULLYOON,https://youtu.be/snjgOPgWQSM?si=jkSehIMnQJ_DxVF3
NMIXX,Blue Valentine,SULLYOON,https://youtu.be/P5ixLSzrqQ8?si=L4okCn9-SvSKjxXh
NMIXX,KNOW ABOUT ME,SULLYOON,https://youtu.be/qubeUpTqeQo?si=jN1uiGCQQuMN5DcU
NMIXX,KNOW ABOUT ME,SULLYOON,https://youtu.be/NrLp6Ebx9Vw?si=Qpsylx9EUPp96hq5
NMIXX,Love Me Like This,SULLYOON,https://youtu.be/q0F0hrpHxdo?si=Vhu71Cskwn3-jaNE
NMIXX,Love Me Like This,SULLYOON,https://youtu.be/MigXDvkcVoM?si=gNLmfcqzn0dejZ0A
NMIXX,Party O’Clock,SULLYOON,https://youtu.be/ahwQogBozco?si=B35u7zlGhIwNLbuh
NMIXX,Party O’Clock,SULLYOON,https://youtu.be/HzxVitieY18?si=n8Ir0IgSiPfQl9sD
NMIXX,별별별,SULLYOON,https://youtu.be/b_vQPlhivp8?si=oHdgtP7xZOogvM6E
NMIXX,별별별,SULLYOON,https://youtu.be/tZoGF9Lijdw?si=DR6DbRl2px0kqQeS
NMIXX,DICE,SULLYOON,https://youtu.be/XRjS-NvrQbE?si=0rcHC_YosMiNNn59
NMIXX,DICE,SULLYOON,https://youtu.be/OPAX-Xu52kg?si=-GjVcpNmvbWZpEv2
NMIXX,O.O,SULLYOON,https://youtu.be/LTyc7mwLNys?si=hyQ8gc8nUWwNz4G7
NMIXX,O.O,SULLYOON,https://youtu.be/9Dj-1UvZC08?si=Z0XnaqLV6Pn-imiF
Red Velvet,Bad Boy,IRENE,https://youtu.be/kk-df47vt-c?si=fPrr1N77ErzH9dKl
Red Velvet,Bad Boy,IRENE,https://youtu.be/Hz0NzV-CEZ0?si=orBkHjQWbWmUNE7R
Red Velvet,Chill Kill,IRENE,https://youtu.be/R2cuF565_Hg?si=5Rd2-ucpSFDQCtZJ
Red Velvet,Chill Kill,IRENE,https://youtu.be/fZ1Acm3RnI8?si=TIBODWK2Y8giGVOE
Red Velvet,Queendom,IRENE,https://youtu.be/GMO5zbQoLn0?si=Jrjg-lSGPEPingSF
Red Velvet,Queendom,IRENE,https://youtu.be/U9NB4u8ML34?si=uqwfsFGqmbLZMaMm
Red Velvet,Feel My Rhythm,IRENE,https://youtu.be/f_3caTjO6yE?si=xwbxRB5rdl0Mb_h3
Red Velvet,Feel My Rhythm,IRENE,https://youtu.be/hTfoCvlnZc0?si=MYJw3M9mL1yQ0BWK
Red Velvet,Cosmic,IRENE,https://youtu.be/Xalx3U6iYlU?si=HyyKkfEaHITTVubB
Red Velvet,Cosmic,IRENE,https://youtu.be/dbBYtmMBEE4?si=2YN2xuU4JQ5IuND_
KISS OF LIFE,Who is she,HANEUL,https://youtu.be/XJp41frJQ_Q?si=SqUZFhNFccrTsPzT
KISS OF LIFE,Sticky,HANEUL,https://youtu.be/ZpEd-IDTE0E?si=hF4BARCgc9Qk7PTV
LE SSERAFIM,BOOMPALA,KAZUHA,https://youtu.be/Pfa1LwxCGLI?si=1y_mqq9QiJ0nPl4S
LE SSERAFIM,CELEBRATION,KAZUHA,https://youtu.be/Yu_HDtz4fJg?si=8snS9EcHPHxOqMY7
LE SSERAFIM,Perfect Night,KAZUHA,https://youtu.be/_BGrTRDtElE?si=r5TwpjsoR8YS0RF2
LE SSERAFIM,UNFORGIVEN,KAZUHA,https://youtu.be/Yb95VFCnIvk?si=HSMCjL9EgMwMasHk
LE SSERAFIM,Smart,KAZUHA,https://youtu.be/IHOJxzRvHn4?si=jhkLHHsZLeljXEQ1
LE SSERAFIM,UNFORGIVEN,HUH YUN JIN,https://youtu.be/O3SEGumuvcY?si=6FoQDWRmdaMrXZos
LE SSERAFIM,"이브, 프시케 그리고 푸른 수염의 아내",HUH YUN JIN,https://youtu.be/XwMlhPR-c-k?si=HGf-faZKqA5Mx67o
LE SSERAFIM,"이브, 프시케 그리고 푸른 수염의 아내",HUH YUN JIN,https://youtu.be/-V68ftlL6eo?si=d4cCE7-EQ6YfBy4M
LE SSERAFIM,Smart,HUH YUN JIN,https://youtu.be/eSKN_H2D25M?si=MI-lXfC1q50zJ-TD
LE SSERAFIM,Smart,HUH YUN JIN,https://youtu.be/yYqRgVoDII4?si=Oyt2sfN5VoVrRCBE
LE SSERAFIM,HOT,HUH YUN JIN,https://youtu.be/VpL5edRar10?si=-KIn_SlhSBCPrOf_
LE SSERAFIM,HOT,HUH YUN JIN,https://youtu.be/ywVSM5abDTs?si=uKkeycY0zqauQpRt
KISS OF LIFE,Lips Hips Kiss,HANEUL,https://youtu.be/mZbZs9AfVEQ?si=sNrce_ERu4TN-cC5
KISS OF LIFE,Lips Hips Kiss,NATTY,https://youtu.be/TG56TsKp-V0?si=tOHYF9D7O8K0DLv3
KISS OF LIFE,Bad New,HANEUL,https://youtu.be/RIdoEAg_KN4?si=9EzccsvpUvHN0IJa
KISS OF LIFE,Lips Hips Kiss,BELLE,https://youtu.be/PkGU_LKtiBc?si=KXOh-GtV_84ThcEf
KISS OF LIFE,Lips Hips Kiss,BELLE,https://youtu.be/C0WF7hRvtfs?si=Q-Nhutes8LAk6CVU
KISS OF LIFE,Sticky,BELLE,https://youtu.be/ksYAZDMByb8?si=nogPNrDHY_mSaiL8
KISS OF LIFE,Who is she,NATTY,https://youtu.be/Win81leSNsY?si=pKDcQqhbZtsaEhxN
KISS OF LIFE,Who is she,NATTY,https://youtu.be/1ZYPIOXrK-A?si=pq02EV0zXZEJYqL-
BABYMONSTER,DRIP,ASA,https://youtu.be/B0z9ewmntkQ?si=xzGlpozLHIepTRXQ
BABYMONSTER,DRIP,ASA,https://youtu.be/X7zaHc0sBfg?si=fI_JN59QefLWpiaD
BABYMONSTER,춤 (CHOOM),ASA,https://youtu.be/APgwVA5_sOE?si=0oxrI7EXQFQve5al
BABYMONSTER,춤 (CHOOM),ASA,https://youtu.be/H-ZbNo41ApE?si=hT22eiW0UnudPsa9
BABYMONSTER,HOT SAUCE,ASA,https://youtu.be/O5i_MuESC6g?si=mY2Wtbu6rD_pQMCT
BABYMONSTER,HOT SAUCE,ASA,https://youtu.be/TIYkI5xyXxc?si=ZRvQEeJmnAzGBIDL
IVE,XOXZ,LIZ,https://youtu.be/CvCrTpojlN0?si=oMWyufUgU_rmkmzs
IVE,XOXZ,LIZ,https://youtu.be/LnOZ-y6biaA?si=OTYKs8blxhtQXCBw
IVE,BANG BANG,LIZ,https://youtu.be/8Tn0cP_sjUk?si=k0C-eh2Sc2ctDyaJ
IVE,BANG BANG,LIZ,https://youtu.be/_Y5f5I8-vN8?si=NJ6GkF_P6RXU2PBo
IVE,BLACKHOLE,LIZ,https://youtu.be/22-ev5iBebo?si=3rpMSFeKOHVirwIc
IVE,BLACKHOLE,LIZ,https://youtu.be/8pe54RfEyME?si=IlSsttIJt0K_eVEP
IVE,Baddie,LIZ,https://youtu.be/svWlmZqJNxs?si=mHVnQKfnEtm91ag0
IVE,Baddie,LIZ,https://youtu.be/9QalcNyF50c?si=JMfNqWTPRkqzZw9i
IVE,REBEL HEART,LIZ,https://youtu.be/h7OmJZS7sxY?si=GiYC3e3xtjEB4AOO
IVE,REBEL HEART,LIZ,https://youtu.be/XoRAhMekk8w?si=fV89bCu42rZNX888
IVE,REBEL HEART,LEESEO,https://youtu.be/N8vNCg_FvxQ?si=odSIuCwfNCMAgadn
IVE,ATTITUDE,LIZ,https://youtu.be/z_gj0PWMy_Y?si=uMNyh8dhoyIulwdb
IVE,ATTITUDE,LIZ,https://youtu.be/Qzt5DGygEeU?si=89xLs9A1QNvBOQ0W
aespa,Thirsty,NINGNING,https://youtu.be/RQwT1-NiO6Q?si=ibO9Xx3_aUZJeJ3T
aespa,Spicy,KARINA,https://youtu.be/gpFSXXhonVk?si=KB36QFzAEUFMHMR0
IVE,I AM,WONYOUNG,https://youtu.be/LDNy2oJ22lM?si=7kf5OxXT_5HKK7qd
aespa,Supernova,KARINA,https://youtu.be/1U2vTeZklbw?si=tUZ15_FAQRDvnAwM
IVE,Kitsch,YUJIN,https://youtu.be/9hhYHk7GVpI?si=3TtxEnc7V0yzzV8h
IVE,Baddie,WONYOUNG,https://youtu.be/LCMCpTcUE5g?si=gyY9jdftbsXmHf1Q
IVE,Off The Record,WONYOUNG,https://youtu.be/abgXVEmA7gA?si=h57L7Fg8vID2su2s
aespa,Drama,NINGNING,https://youtu.be/5rbw6h_jM0Y?si=683e99mNB-vzaUVn
aespa,Drama,NINGNING,https://youtu.be/H1PvUKdMORw?si=ULI8Vrvx487qrUYF
aespa,Next Level,NINGNING,https://youtu.be/PFEhy5rBUC0?si=V0uVl8JlnjpLgBt4
H1-KEY,Be full of romantic,HWISEO,https://youtu.be/dwca6tfHCto?si=9aTh8alwyYeYuDX1
H1-KEY,To my first love,HWISEO,https://youtu.be/T5LqkKdU7m8?si=v_50VXlekp1lB--i
H1-KEY,Summer Was You,HWISEO,https://youtu.be/6ShmhjkGnh4?si=BSyfyU1ZlSddtfYJ
H1-KEY,To my first love,RINNA,https://youtu.be/3LHBHakzZQY?si=5s9lO52GQIseOidq
H1-KEY,To my first love,YEL,https://youtu.be/LBcvmB7ESsc?si=DZuLyf5tb3TfL5FV
H1-KEY,Summer Was You,YEL,https://youtu.be/tvhjZBbF2oo?si=I4bS8Srqv_oIZFlt
Stray Kids,Ceremony,FELIX,https://youtu.be/GnE4ltaJdZ4?si=uR0HFA7yYQUhaRS0
Stray Kids,Ceremony,FELIX,https://youtu.be/_TQWw2HTlDo?si=FRBY_y_9LpjgyO6f
Stray Kids,S-Class,FELIX,https://youtu.be/yCRcojuSkbM?si=s8XwRguNiII2jfsS
Stray Kids,S-Class,FELIX,https://youtu.be/a_bG-ra7eCg?si=oO8xJ5kjnANUa5i-
Stray Kids,LALALALA,FELIX,https://youtu.be/lKbQruiUBxY?si=z9iwEkBBmo29PsE9
Stray Kids,LALALALA,FELIX,https://youtu.be/Dss93_wYTtg?si=sPDqq0sR7Qfqt6ud
Stray Kids,Maniac,FELIX,https://youtu.be/EXVfsJRCBtE?si=xeEVs6mM5-A812j1
Stray Kids,Maniac,FELIX,https://youtu.be/-J0z-OEiiC4?si=9tU-PtHNrjU_7iur
Stray Kids,Chk Chk Boom,FELIX,https://youtu.be/xxDAo_3G6UI?si=tersU3aIS3cNBQRi
Stray Kids,Chk Chk Boom,FELIX,https://youtu.be/oL5ZT5fmDS4?si=J_c7kq7_XKMvxiM5
BABYMONSTER,DRIP,RUKA,https://youtu.be/1IyUIIa3kyE?si=9eBAyXRQcIoE6SPA
BABYMONSTER,DRIP,RUKA,https://youtu.be/IInyfQQ759o?si=ZCTbEihXBt20DR7h
BABYMONSTER,HOT SAUCE,RUKA,https://youtu.be/NsIRVBhVw8c?si=W8O28p1nRL1xgtov
BABYMONSTER,HOT SAUCE,RUKA,https://youtu.be/JiP5qQke9oo?si=d8fhgsEhB5M2_zFt
BABYMONSTER,춤 (CHOOM),RUKA,https://youtu.be/QrhdSE1J5Kw?si=x1a-SOt9WahlWqL-
BABYMONSTER,춤 (CHOOM),RUKA,https://youtu.be/GMik-BgPv88?si=S6U3YmGbnAE-3p8s
aespa,WDA,GISELLE,https://youtu.be/7SRpLEUoswk?si=YcqYZkkq0kv5JaLg
aespa,Kill it,GISELLE,https://youtu.be/hsQmvtfH884?si=O7ezFu4I_pPhMJo_
NCT DREAM,BTTF,JISUNG,https://youtu.be/tWI9lfeLKKI?si=GG4NbqEdcaeQ_S7X
NCT DREAM,BOOM,JISUNG,https://youtu.be/om8k-lHxtxc?si=gRn0YoJnXtWoBv3o
NCT DREAM,BOOM,JISUNG,https://youtu.be/NvlZHyrAZxA?si=B7LeNxWgBGUJPseF
NCT DREAM,Poison,JISUNG,https://youtu.be/G3d8LnwXS20?si=1M_EP5BoIVQyCkRb
NCT DREAM,Beat It Up,JISUNG,https://youtu.be/3bvqDQ99uEE?si=JwEbFqhI5-Flakoz
NCT DREAM,Beat It Up,JISUNG,https://youtu.be/8viHxrEUqbI?si=TWr3JkBEeGs3pmKG
NCT DREAM,Smoothie,JISUNG,https://youtu.be/r9cxTnQ1CcA?si=mGJwDpFkd6NKklq4
NCT DREAM,Yogurt Shake,JISUNG,https://youtu.be/JO7UB_kASb0?si=fXvLgz60eYeG5oqj
NCT DREAM,Broken Melodies,JISUNG,https://youtu.be/taAGF3fZgZs?si=K4K7KMpiuoMCgkw9
NCT DREAM,ISTJ,JISUNG,https://youtu.be/l9Qe29CY-s4?si=FheGSCO0vZESqDwc
NCT DREAM,Candy,JISUNG,https://youtu.be/b14WPRxMSdI?si=g26lP3KCXWaSYtcN
NCT DREAM,Candy,JISUNG,https://youtu.be/rOcSZT4Hj-M?si=x7h-UcBwDX9MX-53
NCT DREAM,Glitch Mode,JISUNG,https://youtu.be/YDPBlzDPFLg?si=lgBn4AJ29Hev9nwE
NCT DREAM,Glitch Mode,JISUNG,https://youtu.be/XUk9xHdPYDk?si=aq8t3js0lfsLax6r
NCT DREAM,맛(Hot Sauce),JISUNG,https://youtu.be/ZqK4d-ofMAE?si=PrunhwQLZHocY6Dd
NCT DREAM,맛(Hot Sauce),JISUNG,https://youtu.be/gKewb6lmEgM?si=YpLwoTeUiYWMHYq2
NCT DREAM,Hello Future,JISUNG,https://youtu.be/whLRZ8xjZ8g?si=C7cPrLbIITP7Ap-m
NCT DREAM,BOOM,JAEMIN,https://youtu.be/lCAACWfeCCk?si=ujaSJj-zBeZWSalq
NCT DREAM,Smoothie,JENO,https://youtu.be/XkNJRtr2Vg4?si=QwKXKqz3M23GH1wi
NCT DOJAEJUNG,Perfume,JAEHYUN,https://youtu.be/Arkz_BHMV0E?si=4o5N4IUflNNgGvFK
IVE,I AM,YUJIN,https://youtu.be/EzB7hB8EaVU?si=bBhx2Qqdwxqsktge
IVE,ELEVEN,YUJIN,https://youtu.be/0Ar9bq1yjP0?si=EiT2r5Hu0xSzBuRj
IVE,BANG BANG,YUJIN,https://youtu.be/9t_bctpouOU?si=3xR__TmPwh_L9q84
IVE,XOXZ,YUJIN,https://youtu.be/eGrQBeM2yik?si=9rcxAZ1q9bTCiXck
IVE,REBEL HEART,YUJIN,https://youtu.be/OndzL_ZsaO4?si=evLckCtB9LbYjYAH
IVE,Off The Record,YUJIN,https://youtu.be/oG9DyA5GzLY?si=6liUo8vUgxH9_Xfh
IVE,After Like,YUJIN,https://youtu.be/48Eq0aTOEAo?si=l2WDWo2X9C7aaKtL
Stray Kids,Ceremony,I.N,https://youtu.be/Jo3eGHBYars?si=MmlQGwJI8To15zUy
Stray Kids,Ceremony,I.N,https://youtu.be/_ZAajrGLAak?si=k3uadvAz8zPhp3Xc
Stray Kids,S-Class,I.N,https://youtu.be/0EtnBeoBY5c?si=LccWyXY_qKcaqdR2
Stray Kids,S-Class,I.N,https://youtu.be/N5VIg9dmxK0?si=qQ4RnowW2PMwKfPv
Stray Kids,LALALALA,I.N,https://youtu.be/RiQNRR62EVI?si=OGnY1tDs_jOJMMbw
Stray Kids,Maniac,I.N,https://youtu.be/J0AMoYQ7oAA?si=XAi93YMfjD9mly1P
Stray Kids,Chk Chk Boom,I.N,https://youtu.be/jm1rRqMrtHU?si=WiT1BUw56oVoAZND
Stray Kids,Do It,I.N,https://youtu.be/Y4J6Z_iC790?si=C7DaanGTjyy5d3ft
Stray Kids,신선놀음,I.N,https://youtu.be/wB_083KMamI?si=VEMcTVY4VSFWrooB
Stray Kids,JJAM,I.N,https://youtu.be/GWdq4jGbdwc?si=m6UihrXXYzJOTbdo
Stray Kids,소리꾼,I.N,https://youtu.be/uON4ho5YvkY?si=b_uNuy5B2VLPbIIV
Stray Kids,CASE 143,I.N,https://youtu.be/vZt9VgZxrpk?si=p3xraEGyU01JG5lS
Stray Kids,God's Menu,I.N,https://youtu.be/ma4Oocz-oH8?si=ZvukpbrvqcOwFzg7
Stray Kids,Back Door,I.N,https://youtu.be/0CsLfdEH1bg?si=-S-UE21iAQXRPoY-
Stray Kids,Ex,I.N,https://youtu.be/S0lUtn24zU0?si=uiq9fZxlf_AN1Gq1
Stray Kids,Hellevator,I.N,https://youtu.be/Rimhnm51I7E?si=h54fUvSzl2qgSSQe
SEVENTEEN,THUNDER,DINO,https://youtu.be/u2lW4HJFvnY?si=RYgcyuhR1M3RochS
SEVENTEEN,"LOVE, MONEY, FAME",DINO,https://youtu.be/gRrrRRmrF-s?si=29MrEe12Qo6BBu3H
SEVENTEEN,MAESTRO,DINO,https://youtu.be/uBlj2uPiVKs?si=y0KS8mKdLSTm1ptg
SEVENTEEN,음악의 신,DINO,https://youtu.be/2Yux3qkdT8Q?si=iu5yz5ll-_0xTQNd
SEVENTEEN,음악의 신,DINO,https://youtu.be/8lWOE7F0Ls8?si=ddSiaqmVNufL0B0_
SEVENTEEN,손오공,DINO,https://youtu.be/xJffijTpBb0?si=p0tfqan-IDnGbwg9
SEVENTEEN,_WORLD,DINO,https://youtu.be/rrt7NodJ9zo?si=AoVcsCMSd8Eh3Zse
SEVENTEEN,HOT,DINO,https://youtu.be/nmCpQIgX8cs?si=sAupfrOXVu7PFEvd
SEVENTEEN,HOT,DINO,https://youtu.be/pC9KeFI0xjo?si=PkRaKaC0yLdyADBE
SEVENTEEN,Darl+ing,DINO,https://youtu.be/_ZJoLlXzyIA?si=dB10RZSjG-wS5SGp
SEVENTEEN,Rock with you,DINO,https://youtu.be/hOLwQny9iiA?si=VPnKwE8yWdDbLMDe
SEVENTEEN,Ready to love,DINO,https://youtu.be/XK4EiOYljJc?si=_jDP8Hvp6IKgvHdi
SEVENTEEN,HOME;RUN,DINO,https://youtu.be/S4-NnjM6Xm4?si=L0r3RC0G0oq2QydT
SEVENTEEN,Left & Right,DINO,https://youtu.be/u4QzhpvfqxE?si=hH77HODgWJQ9Ep2h
SEVENTEEN,My My,DINO,https://youtu.be/3VsnpSsPcoE?si=Q5xs4bs80HO9kbnD
SEVENTEEN,독 : Fear,DINO,https://youtu.be/DQxRPXV87MY?si=1mzSE6-ZxfDNrRtT
SEVENTEEN,HIT,DINO,https://youtu.be/y0-crXU525Y?si=h3YcGMupqLozM66v
SEVENTEEN,Home,DINO,https://youtu.be/d4_n1kmZG9k?si=VfeAE-iwIoGTxccI
SEVENTEEN,어쩌나 (Oh My!),DINO,https://youtu.be/6Vw2jbHIqFo?si=bsIsvi6dKvKvCmMO
SEVENTEEN,고맙다(THANKS),DINO,https://youtu.be/DJ-VUsUcBkc?si=bLBgjdmFvBSGpGAq
SEVENTEEN,박수(CLAP),DINO,https://youtu.be/Eo6R_aAcc4A?si=E-Ux3OwTi1_cVwYN
SEVENTEEN,울고 싶지 않아 (Don't Wanna Cry),DINO,https://youtu.be/ZFEZKzUeUUs?si=exA-_yqLWkTyFvRc
SEVENTEEN,Good to me,DINO,https://youtu.be/q1qd2s-tNW4?si=DmjzY2jJ5I-17BiB
SEVENTEEN,Snap Shoot,DINO,https://youtu.be/VPYhhTxNmp0?si=bYMQOLJ_V-uuFgTU
ATEEZ,Adrenaline,WOOYOUNG,https://youtu.be/ZWGWlbcHaBs?si=EWmLrdy9tkd_uaxE
ATEEZ,INCEPTION,WOOYOUNG,https://youtu.be/VAQQBnHtLQQ?si=BETvs0FNNVzqdCwi
ATEEZ,BOUNCY (K-HOT CHILLI PEPPERS),WOOYOUNG,https://youtu.be/XeLOsptxRmQ?si=bc7WPgg1QEOSTzBO
SEVENTEEN,Ready to love,JEONGHAN,https://youtu.be/6slcKtXlazw?si=RYrNUOMjr3LtQbLN
SUPER JUNIOR,Black Suit,EUNHYUK,https://youtu.be/9Zg_Wqk5Wp0?si=reZwkDxpLxgD32HZ
SUPER JUNIOR,Lo Siento,EUNHYUK,https://youtu.be/OJuQ_VqYdRc?si=lQXIjlGhyDL4Yy6c
SUPER JUNIOR,SUPER Clap,EUNHYUK,https://youtu.be/rXT-H_4hhl4?si=CBPQi8fn5MaUzsjo
SUPER JUNIOR,UP N DOWN,EUNHYUK,https://youtu.be/uqdwHDgSUJs?si=3LjBdHAH891pTQO2
SEVENTEEN,MAESTRO,JEONGHAN,https://youtu.be/HYcU1ObOAw4?si=nQ9OXbx-VYEKDAMX
GOT7,PYTHON,JAY B,https://youtu.be/_2Oro3oiGfQ?si=hsk4lU5w-EQzUMTR
GOT7,어머님이 누구니,JAY B,https://youtu.be/4xjuQlMKk40?si=MnnZuHYsTFNgQ2MU
GOT7,I AM ME,JAY B,https://youtu.be/C4PIqpMDoWA?si=8qU-sxnG1CRbmxJj
GOT7,Crash,JAY B,https://youtu.be/ZD5cUqmOxos?si=75xuCvS-CPcnRiTu
GOT7,Lullaby,JAY B,https://youtu.be/UaEx9cC738s?si=GNNMY0bEV0HyGDDc
ASTRO,All Night(전화해),CHA EUNWOO,https://youtu.be/xiodq-7seYA?si=p_VxZqp0yyjxjnmh
TWICE,FANCY,TZUYU,https://youtu.be/IxCdfWELTro?si=9cO-WHCbvNka9G5M
TWICE,Strategy,TZUYU,https://youtu.be/mbMzG6RY3p0?si=6hGeXelMPWx5uZCa
Hearts2Hearts,STYLE,JIWOO,https://youtu.be/J03Z1tsrmNs?si=2sls0NwxI2J6Ky3V
Hearts2Hearts,STYLE,JIWOO,https://youtu.be/0MNkdym3Vhg?si=PPTPtSkLr3S0Masj
Hearts2Hearts,The Chase,JIWOO,https://youtu.be/YyyS81p3-2U?si=ocJAi2FE4MnmYsgS
Hearts2Hearts,The Chase,JIWOO,https://youtu.be/AuuiYiBDUm8?si=a7alQnPFUgnoD0Ze
Hearts2Hearts,FOCUS,JIWOO,https://youtu.be/mp1QXUSjojc?si=8U_xg0O91sv2aS8m
Hearts2Hearts,FOCUS,JIWOO,https://youtu.be/PG4aCfWdL1w?si=69E2JpTFGCsLMd7w
ALLDAY PROJECT,ONE MORE TIME,ANNIE,https://youtu.be/1bKy7rJApZA?si=JmQUEtA4NzHK3P9H
ALLDAY PROJECT,ONE MORE TIME,ANNIE,https://youtu.be/jreL6-URzFA?si=jraEISQ96Gs2yVtu
GOT the beat,Step Back,WINTER,https://youtu.be/UAQT5Hgrm1Q?si=9SczX3BRPzxF5R1X
GOT the beat,Step Back,KARINA,https://youtu.be/GExghjK2paY?si=xGp6DvCWF7-pRnQR
GOT the beat,Step Back,HYO,https://youtu.be/YERSrICiG9U?si=EtW5TANxl0f7onAY
GOT the beat,Step Back,SEULGI,https://youtu.be/5hf-yNVZ-0w?si=eL4-uN-9dAS300vY
GOT the beat,Step Back,TAEYEON,https://youtu.be/oH7gVze4ln8?si=Nj9e_5V-WAOB4Hgb
GOT the beat,Step Back,BOA,https://youtu.be/DYhIj7p8FNo?si=YgrnZJ27C4tUOo2r
GOT the beat,Step Back,WENDY,https://youtu.be/AxBa6q_McqA?si=CKegwPOW-VjDvQ2C
TWICE,THIS IS FOR,MOMO,https://youtu.be/LWE2OAM26A4?si=4ybpHAw1brgcG2V1
TWICE,Strategy,MOMO,https://youtu.be/KBHCzrAcDsE?si=OxO0d9LYvcLA6X0O
aespa,Rich man,GISELLE,https://youtu.be/7Xv1XeX-RD0?si=FKjCcP91AAO8LDun
aespa,Dirty work,GISELLE,https://youtu.be/243Wa_l5NVc?si=7-CE2IfGM0BR8xxl
aespa,Drama,KARINA,https://youtu.be/tbg3QAu-GnI?si=mokpl9pw10bWGA6h
NMIXX,Hey Mama,HAEWON,https://youtu.be/RFwl38Kd2L8?si=VgQfva5QeCazWxJc
BABYMONSTER,Love in my heart/ Stuck in the middle,RAMI,https://youtu.be/-iurpF3sEM4?si=TCk4fGZDuheI0q62
ENHYPEN,Sweet Venom,SUNGHOON,https://youtu.be/bh9X9afu5ww?si=1QbBOckyZLuZjRZx
aespa,Drama,WINTER,https://youtu.be/YQDsjAQzzlk?si=EXsg_O7HSlObcSr1
BABYMONSTER,FOREVER,CHIQUITA,https://youtu.be/H3V6r7-Aj9Q?si=DOZ77PlHua2spi-a
SEVENTEEN,HIT,JOSHUA,https://youtu.be/-A5IJeoksUg?si=9wXw1qWqzoLUrgDK
SEVENTEEN,예쁘다(Pretty U),JEONGHAN,https://youtu.be/FK44360nyuw?si=zGPLxQB-PmMAv2aE
aespa,Whiplash,WINTER,https://youtu.be/4rKeGsHa0lE?si=BCUg5XI902Zo270h
BABYMONSTER,FOREVER,RORA,https://youtu.be/3g35S80jmR8?si=kM_gFePs-mzRDylU
aespa,Salty & Sweet,KARINA,https://youtu.be/693lIQ4ZwoM?si=ulJrCL1KSYuQBtfj
aespa,Thirsty,WINTER,https://youtu.be/4KVjaJTag2o?si=_WMoxNLOK8XB-lEA
NMIXX,HOT (SEVENTEEN cover),HAEWON,https://youtu.be/wYRNXvk6sus?si=pojGDzadeWUcVRbJ
Red Velvet,Cosmic,SEULGI,https://youtu.be/Lv7OT8TcohE?si=eueFXfUKqPgUHu8Q
Red Velvet,TILT,SEULGI,https://youtu.be/UyeLzvdEABA?si=lr18aUQL6vSxKSDA
Red Velvet,Cosmic,WENDY,https://youtu.be/7ziJmUv1ZxQ?si=EzrCrqNml_CsvnVq
GOT the beat,Stamp On It,WENDY,https://youtu.be/P_KmfUCqC50?si=CITPuxtMAtcIqQqm
Red Velvet,Bad Boy,JOY,https://youtu.be/urj5OiX987E?si=xpA6CQ5qcJvaX0ZD
Red Velvet,Cosmic,JOY,https://youtu.be/6j47x9UmnF4?si=-xLVE-W3EUCqy6w2
Red Velvet,Queendom,YERI,https://youtu.be/T33KpUWCPYc?si=Hfd-rlIxuXXrRNSC
Red Velvet,Cosmic,YERI,https://youtu.be/aNOvYOY4UMk?si=cCLnuIPyNFiaMESB
IZ*ONE,Panorama,CHAEWON,https://youtu.be/rwPWdZ3l0bY?si=4XpmwZ7nJgOGJH9q
KISS OF LIFE,k bye,JULIE,https://youtu.be/P2dUVWPeO0s?si=qVmJPqJwbJeHMxfu
aespa,Savage,WINTER,https://youtu.be/S7f_LlxdgI0?si=TAqtW_uOhk0V6Ukb
IVE,XOXZ,REI,https://youtu.be/R97oS3CH_-E?si=dKJMCKytbrU_8xNi
LE SSERAFIM,No-Return (Into the unknown),CHAEWON,https://youtu.be/MP7fGqZC7pU?si=KazlXta1qke7CnHy
NEXZ,Simmer,TOMOYA,https://youtu.be/qy2kRFdraAA?si=9HAwTeqLwOJQ_n_C
BABYMONSTER,LIKE THAT,AHYEON,https://youtu.be/uVjLpYYfsy4?si=KmrfAwooh4gp12fJ
NEXZ,NALLINA,YU,https://youtu.be/a-d7HggLTWA?si=lxrt57RHXsokokic
Stray Kids,Silent Cry,HAN,https://youtu.be/PNShazicZGI?si=012zXhjSS1n1jYKA
ENHYPEN,Loose (Korean Ver.),NI-KI,https://youtu.be/Vu4OFy_CG14?si=c-alr5bSIIqOeQke
Stray Kids,특(S-Class),SEUNGMIN,https://youtu.be/pqF-9YjNQt8?si=GiNxAMmJVTHeVXUC
IVE,8,WONYOUNG,https://youtu.be/23gIIU16OBg?si=OuJOsP44ek8PrM_8
BTS,작은 것들을 위한 시 (Boy With Luv),V,https://youtu.be/AX0CIHA2f1M?si=oDE447vAdeLF3nup
LE SSERAFIM,HOT,EUNCHAE,https://youtu.be/LJZllb3ods4?si=CxaPg42X_0k7JLFY
BTS,FAKE LOVE,JIMIN,https://youtu.be/GfX62fI1NyA?si=_TOMKfX990TOSAIt
Hearts2Hearts,Pretty Please,JUUN,https://youtu.be/cRrKusyDdIQ?si=RVn5LpBlqumg7PWk
Hearts2Hearts,RUDE!,JUUN,https://youtu.be/7setutijlLk?si=D3ASXA2LXXt1Epra
Red Velvet,Feel My Rhythm,WENDY,https://youtu.be/WxVioDhrYd8?si=VrXt4GWL4kDbbjnP
Red Velvet,Wish You Hell,WENDY,https://youtu.be/Zvvd_MDAdoQ?si=H01a2by5cN2fHzww
LE SSERAFIM,No-Return (Into the unknown),EUNCHAE,https://youtu.be/kQpqPeZCq7c?si=puACDnkTjILEpVmj
Hearts2Hearts,RUDE!,A-NA,https://youtu.be/sROq2Qid11k?si=1wpSXB1de0kuUARp
LE SSERAFIM,ANTIFRAGILE,CHAEWON,https://youtu.be/yLupcG_eFag?si=EFkGGovTr6AIKrAO
Hearts2Hearts,Pretty Please,A-NA,https://youtu.be/fo4ugB05a6U?si=8bjJYldmuD1kNqjh
Hearts2Hearts,RUDE!,A-NA,https://youtu.be/yzEid0qSlnU?si=edEtcmXwkEuyba3s
Hearts2Hearts,STYLE,A-NA,https://youtu.be/9xLLggO2Xjc?si=wwgPW9-BLJPTraG8
Hearts2Hearts,FOCUS,A-NA,https://youtu.be/pRpTM1blLzk?si=QQR0MziRKKnlidbn
LE SSERAFIM,CRAZY,SAKURA,https://youtu.be/fhbz6rrwEYI?si=l90C49Ik8qR_PdQ0
BTS,Standing Next to You,JUNGKOOK,https://youtu.be/5LAJYKqE6Wg?si=exUtQv_ChrrbvAgS
TXT,0X1=LOVESONG (I Know I Love You) feat. Seori,BEOMGYU,https://youtu.be/rDnPaRFDnUk?si=YKZiQjHEoe3j-3O_
TXT,Dolphin,SOOBIN,https://youtu.be/NTDTHIyNWLk?si=gU3IPuvwQx2apXEA
TXT,샴푸의 요정 (Fairy of Shampoo),SOOBIN,https://youtu.be/rCij9Ygsmxc?si=yuaBUcuTCtweSJ6E
TXT,Magic,YEONJUN,https://youtu.be/er5pisaxT14?si=yoau8EhFuAzajOQq
TXT,9와 4분의 3 승강장에서 너를 기다려 (Run Away),YEONJUN,https://youtu.be/sx4hPjppi6E?si=h73rr3Kl247fqhBy
LE SSERAFIM,UNFORGIVEN,CHAEWON,https://youtu.be/5YdbNUVSXWo?si=cylJd7YydYoExak1
LE SSERAFIM,DIFFERENT,CHAEWON,https://youtu.be/gN7RIh7wXrc?si=fl9oMcxKanEXPj7G
SEVENTEEN,파이팅 해야지 (Feat. 이영지),SEUNGKWAN,https://youtu.be/QZFiiYlJp8E?si=ysGNpJwJcjqDgWhP
SEVENTEEN,"LOVE, MONEY, FAME",SEUNGKWAN,https://youtu.be/xcgJN2ceJGQ?si=_HddJ4xNbreampam
TWS,마음 따라 뛰는 건 멋지지 않아?,JIHOON,https://youtu.be/Ma_JErDCfBM?si=uLkhRyf24GbLiHAH
Hearts2Hearts,RUDE!,YUHA,https://youtu.be/PnTUPKoVu7Y?si=FCNfrWW28UpqTeyZ
I.O.I,갑자기,CHAEYEON,https://youtu.be/sO_-QYUZNaA?si=6q4-5slPtPd1QSaJ
NCT DREAM,Beat It Up + BTTF,JISUNG,https://youtu.be/OUe8OOKeln0?si=7HDSoylJoOZsbGrd
I.O.I,갑자기,YOOJUNG,https://youtu.be/sjtzzjcAuPM?si=7I9Ofn7KhbFQEONn
NEXZ,HARD,YUKI,https://youtu.be/B-t1pvldUz4?si=AFoMVzvT88FmmUhA
NEXZ,Next Zeneration,HARU,https://youtu.be/u2btsrHG6X8?si=72Y9lvXHQkufZlGH
RIIZE,Hug,SUNGCHAN,https://youtu.be/YReBPzINYBA?si=6GbnB538riVQeBdz
ZEROBASEONE,In Bloom,TAERAE,https://youtu.be/_PK0BRgpP8U?si=4yUDjZGB1FG4IiA0
SEVENTEEN,파이팅 해야지 (Feat. 이영지),DK,https://youtu.be/6nvIyRQYhmE?si=Efir7nakFIAy680w
BOYNEXTDOOR,부모님 관람불가+Nice Guy,TAESAN,https://youtu.be/tLOnKFoJJzM?si=przHp_126edgV4Nv
TWS,마지막 축제,SHINYU,https://youtu.be/CJLWG0-A3ng?si=YPo6aLiyl9UTEImC
NEXZ,BEAT-BOXER,HYUI,https://youtu.be/bdfB8RH1P-A?si=rlp5AirQ_7bTvRWL
VERIVERY,Tap Tap,DONGHEON,https://youtu.be/j0GcQxxdSM8?si=657ls7F0BzxzAeni
VERIVERY,Tap Tap,HOYOUNG,https://youtu.be/RGEeEUZTdq8?si=8s9LWuk9W2Y9p67H
VERIVERY,Tap Tap,MINCHAN,https://youtu.be/6cO-e6OHIyU?si=YlAIflFjgPXSRhZB
VERIVERY,Tap Tap,GYEHYEON,https://youtu.be/ZaC-OFC1ECg?si=QXVi4FjOHwn0_u8W
VERIVERY,Tap Tap,YEONHO,https://youtu.be/OOXsHUqSVUs?si=cx7tJ6g5L9Ga4PAZ
VERIVERY,Tap Tap,YONGSEUNG,https://youtu.be/-QdiqfhZ--g?si=j5KhwvVFmB9VDyKJ
VERIVERY,Tap Tap,KANGMIN,https://youtu.be/a7OMpsficfg?si=Ohh9aRSuA2AgyEZQ
VERIVERY,Undercover,YONGSEUNG,https://youtu.be/xsfGe74NnDc?si=vNtb8ASqKt9KuPXS
ENHYPEN,Sacrifice (Eat Me Up),JAKE,https://youtu.be/if2tjLudgVw?si=iIYcCzg6w3Fph9qG
BOYNEXTDOOR,Hollywood Action,JAEHYUN,https://youtu.be/9HAtl6zuCas?si=02GofwrL_krslzrl
MONSTA X,Rush Hour,HYUNGWON,https://youtu.be/5M9pIwcAjAA?si=DayUz7QhtNjz5_CS
ENHYPEN,No Doubt + Bad Desire,JAKE,https://youtu.be/Lc_hM4mFB9E?si=wrungzqCccl1W3Vy
TXT,Devil By The Window,HUENINGKAI,https://youtu.be/y60QSmv9ZaM?si=Og9Cs4a1S_MT6keA
TXT,Good Boy Gone Bad,BEOMGYU,https://youtu.be/IfKCDYOh5EU?si=9M0IXlsZ-5DTr6pv
TXT,LO$ER=LO♡ER,TAEHYUN,https://youtu.be/Sa_SFcBMQgU?si=bz_1tj6Tmxw6VgT-
TXT,Devil By The Window,TAEHYUN,https://youtu.be/asrSJdDkm5k?si=bvweN3Hd7k7agnW9
BABYMONSTER,Really Like you,AHYEON,https://youtu.be/ex58_JoU3TA?si=obDPs9vY_usn2AGD
BABYMONSTER,Really Like you,ASA,https://youtu.be/gPv9WZHNdoc?si=bCIPtTZfdgcc8lkL
BABYMONSTER,Really Like you,RUKA,https://youtu.be/YE-aVlzYADA?si=l8ufwFlIzQ56tA3P
BABYMONSTER,Really Like you,CHIQUITA,https://youtu.be/yhZx0dzUIIs?si=tGcwG9XAQoL_x-rt
BABYMONSTER,Really Like you,RORA,https://youtu.be/Z3FL2k1Xtuw?si=I6Ioa1IW1MTbwaKk
BABYMONSTER,Really Like you,PHARITA,https://youtu.be/1wCcHtbsBdw?si=x-f5QCDT-r553Ae1
ITZY,Motto,LIA,https://youtu.be/tnKXx68eTHA?si=TtImj5Drrblpim9g
ITZY,Motto,YEJI,https://youtu.be/kfuV5g7OuO0?si=fKxHO-4BbUnBX8st
ITZY,Motto,YUNA,https://youtu.be/yZIymvw5xgc?si=5g3qZRwfJGeN2ckw
ITZY,Motto,CHAERYEONG,https://youtu.be/AeuGQyeKUKA?si=gthzkeT9YSSbQYtA
BABYMONSTER,춤 (CHOOM),RORA,https://youtu.be/riSydmd7knQ?si=8eGEOyjqH__JxZ2p
BABYMONSTER,춤 (CHOOM),AHYEON,https://youtu.be/AglYvtnDvYc?si=F5DYc9BrAylXRBQ5
BABYMONSTER,춤 (CHOOM),CHIQUITA,https://youtu.be/WAnkZxK9YI4?si=ExLvJPHv-872ohUN
BABYMONSTER,춤 (CHOOM),PHARITA,https://youtu.be/F088JNg0P9Y?si=HucIpIaUD5_Z59jl
QWER,CEREMONY,HINA,https://youtu.be/uTcvIUm2n2w?si=pbc43LgbxYKXeZRZ
QWER,CEREMONY,SIYEON,https://youtu.be/h2n3rYvA3-w?si=2qGcLqDFYR0FIcLm
QWER,CEREMONY,MAGENTA,https://youtu.be/N-k_4cJlKk0?si=_CDpXogeM9rUvYPJ
QWER,CEREMONY,CHODAN,https://youtu.be/38XR5PN0xzQ?si=u8mw1261Y2h-HKst
aespa,Supernova,GISELLE,https://youtu.be/eGwziRVUCIo?si=uRZ5SOVzuz7z_A6e
aespa,UP,KARINA,https://youtu.be/PwnHCwC2H9E?si=W947KqWm-lAcrGMO
"CORTIS ",ACAI,MARTIN,https://youtu.be/yLLjpn8FtSU?si=YQcRH1DMAn9M0I8q
"CORTIS ",REDRED,MARTIN,https://youtu.be/PYR-NqfhYaU?si=IDM8-yu9FskPnQhq
"CORTIS ",Joyride,MARTIN,https://youtu.be/4f2jHLQbvTw?si=Uupx_bkINkOr6FwV
"CORTIS ",Go!,MARTIN,https://youtu.be/HbKxur1iI5M?si=bSS-W1b6cpjNAt2E
CORTIS,What you want,MARTIN,https://youtu.be/DYobIF0tmOA?si=R3zkEin17ZhNlyNx
CORTIS,"ACAI ",JAMES,https://youtu.be/eNEKs9NG_JM?si=eUURsGkgtqg4dZDw
CORTIS,REDRED,JAMES,https://youtu.be/R2uYiem5Q7w?si=9qJ5FM19VFsFQ2zW
CORTIS,FaSHioN,JAMES,https://youtu.be/twqghto0qZs?si=CX-V4aoXVrRdAR10
CORTIS,Go!,"JAMES ",https://youtu.be/YMNqejovw1A?si=Bt4DGztFl4Jvp2uH
CORTIS,TNT,JAMES,https://youtu.be/yPkHIhnk_DE?si=EF-USiGCejXNaOsW
CORTIS,What you want,JAMES,https://youtu.be/stM_rylRyl8?si=sMEwACUDX7EeHr3R
BABYMONSTER,HOT SAUCE,CHIQUITA,https://youtu.be/5i-l5w2-CrE?si=gC5RC2vuM1yDUdSi
BABYMONSTER,HOT SAUCE,AHYEON,https://youtu.be/3p1sDnyCAe4?si=MJh6tDyP2x-nuPtT
BABYMONSTER,HOT SAUCE,RORA,https://youtu.be/TnLXoB6ga-E?si=Z1_UbBlR8phtoni2
BABYMONSTER,HOT SAUCE,PHARITA,https://youtu.be/RQWmWmwO9ik?si=6yF7F78iptN9sNFA
BLACKPINK,Lovesick Girls,JISOO,https://youtu.be/67aBenO-MeU?si=UkZ8jObA6kbGTEo6
BLACKPINK,Lovesick Girls,JENNIE,https://youtu.be/3ipaG-bWI7s?si=qwvjzjGXZtcpu8AP
BLACKPINK,Lovesick Girls,LISA,https://youtu.be/9bHDfHP3Rb8?si=8uyaG3L_wzPKDTg5
BLACKPINK,Lovesick Girls,ROSÉ,https://youtu.be/czYxrLfm3sY?si=aOBLzK8gWlW3Sf6o
ENHYPEN,Sweet Venom,JAKE,https://youtu.be/KB9-fr08AJ4?si=VACkkSkVzvM9HkUt
ENHYPEN,Bills,JAKE,https://youtu.be/ZuqpaGfqJYA?si=KXSiDowYtJVQ-S54
ENHYPEN,No Doubt,JAKE,https://youtu.be/zDlgcNsZkvQ?si=7FU-ush-Ediajj3l
ENHYPEN,모 아니면 도 (Go Big or Go Home),JAKE,https://youtu.be/1Pk75QpLmS8?si=tC-Ut8hj41ZO8tcc
BLACKPINK,Lovesick Girls,JISOO,https://youtu.be/5ot59CCQQSg?si=88JxlQazZ6EO23ZG
BLACKPINK,Lovesick Girls,JENNIE,https://youtu.be/KkQtNIlxfxY?si=txHGTivHlMhXboAT
BLACKPINK,Lovesick Girls,LISA,https://youtu.be/FM3YiJJYBxU?si=zQcBGMJnM_eCi6HW
BLACKPINK,Lovesick Girls,ROSÉ,https://youtu.be/0LMBk0S8zMY?si=RO062TnTaBTusu19
BLACKPINK,How You Like That,JENNIE,https://youtu.be/Phs7B8NOPZw?si=1l4Qle2W1Fy-B16H
BLACKPINK,How You Like That,LISA,https://youtu.be/QFlCdyUyNGM?si=8jp2DHFit_R60AiM
BLACKPINK,How You Like That,ROSÉ,https://youtu.be/HX4N2OdCnY8?si=HoTwZciIUMJe8MDM
BLACKPINK,How You Like That,JISOO,https://youtu.be/9zTvcUEW21Q?si=spyGH8BRQssg5vMS
ENHYPEN,Let Me In,JAKE,https://youtu.be/2w4CVnbA75A?si=uIHA3KwCYEn70Xfx
aespa,Rich Man,KARINA,https://youtu.be/kt16MuiQAjU?si=mPFOvv_UYnO5sukH
aespa,Rich Man,KARINA,https://youtu.be/v0iWl_Etcdo?si=UPgtRcRiXgjOhBFM
aespa,Dirty Work,KARINA,https://youtu.be/JC3VErpEtrY?si=Snhbro7ZBIQ2W29t
aespa,Dirty Work,KARINA,https://youtu.be/d8I8d844s4g?si=CqlHvyFQnkWfYio5
aespa,Whiplash,KARINA,https://youtu.be/DjTt2XsX8gY?si=f3frH9Cs7dtFRwv-
aespa,Whiplash,KARINA,https://youtu.be/16lOmETXylc?si=Zpve353jEUa01fYT
TREASURE,음(MMM),HARUTO,https://youtu.be/H4afMfuHwcw?si=3WvheCRY3n02UrI4
TREASURE,사랑해,HARUTO,https://youtu.be/lX7yiDVITxk?si=7le_DG8_pNx6EHuw
TREASURE,HELLO,HARUTO,https://youtu.be/pq4QrrBXG48?si=s6LsfyOUenXhs9tZ
TREASURE,미쳐가네(Going Crazy),HARUTO,https://youtu.be/JVJFzldyrp4?si=NlXKP-2_ps0jlfZ5
TREASURE,MY TREASURE,HARUTO,https://youtu.be/0hfu9V_Xyp8?si=UIGJ3EnEHNPJrW74
TREASURE,YELLOW,HARUTO,https://youtu.be/xPQbweDuaDo?si=nlmk4J6I2wGVhE4r
TREASURE,직진,HARUTO,https://youtu.be/QKieH3-w-_4?si=iZPsCOAWIGB0mO16
TREASURE,U,HARUTO,https://youtu.be/ec7XTnRtUvs?si=JMx0WlFfjlXvX7aR
TREASURE,사르르 (SARURU),HARUTO,https://youtu.be/wAzIxIKb-H4?si=MLzfpdZGERPTIqc5
TREASURE,LAST NIGHT,HARUTO,https://youtu.be/pZA5hIQYmn8?si=JFFuNmHTRLW-o0z5
ZEROBASEONE,KILL THE ROMEO,ZHANG HAO,https://youtu.be/BrBpYfP8acY?si=mmSflGzvdmgq33D5
ZEROBASEONE,ICONIK,ZHANG HAO,https://youtu.be/X64Y8m68UgY?si=xTwnFOemdqzMOMeF
ZEROBASEONE,ICONIK,ZHANG HAO,https://youtu.be/fGgbFwnTMFI?si=68QFnNLljnob8otV
ZEROBASEONE,KILL THE ROMEO,ZHANG HAO,https://youtu.be/BrBpYfP8acY?si=03NKKQ7m6MvGlDSd
ZEROBASEONE,Lovesick Game,ZHANG HAO,https://youtu.be/238Ri20G5_U?si=3_uHfBCRAxVh0Omd
NEXZ,Mmchk,YU,https://youtu.be/D5VxbWA5M-I?si=8MrReyJ6jOLjNGL_
NEXZ,Mmchk,TOMOYA,https://youtu.be/XjZVmjpOcqw?si=3s7LKWKI4RR60CYc
NEXZ,Mmchk,HARU,https://youtu.be/NXkXyb9pTAU?si=S4rIit7Cp3_iIwYs
NEXZ,Mmchk,SO GEON,https://youtu.be/2T5X4lbkPaQ?si=jvo_npYmgZw54kFt
NEXZ,Mmchk,SEITA,https://youtu.be/a4CO-ktOKJQ?si=d_xGnIFtkJjcCt9L
NEXZ,Mmchk,HYUI,https://youtu.be/761NK9-RvXU?si=UwhRQe-dQrbfzARY
NEXZ,Mmchk,YUKI,https://youtu.be/eaf7pEYr6MY?si=V4xi0aD4ZN8-LCt_
NEXZ,Beat-Boxer,YU,https://youtu.be/pUeSVIJG9eM?si=zpd317c4CSqdlpC3
NEXZ,Beat-Boxer,TOMOYA,https://youtu.be/Ao_poI575x8?si=XJ5bUBzv5uWwJN6m
NEXZ,Beat-Boxer,HARU,https://youtu.be/LxDDPReXwxI?si=jYYXM8SxEdeGTsLf
NEXZ,Beat-Boxer,SO GEON,https://youtu.be/rzMPypxxT4g?si=JlSzXE_47A1WwswC
NEXZ,Beat-Boxer,SEITA,https://youtu.be/nuxY_j-Bg2c?si=akFDxP_u0kJJr_qk
NEXZ,Beat-Boxer,HYUI,https://youtu.be/hD7i2hzUmbo?si=Dxv2T6206wIedDjE
NEXZ,Beat-Boxer,YUKI,https://youtu.be/38_v0lgG2sU?si=qVLh_3FbOE5U1cGx
NEXZ,Ride the Vibe,YU,https://youtu.be/bVeZL_suk3Y?si=ZuLni1G10QRkujjG
NEXZ,Ride the Vibe,TOMOYA,https://youtu.be/HCdUhWVRFAs?si=dmeXf70oIVdSmP_7
NEXZ,Ride the Vibe,HARU,https://youtu.be/tJ9Srr1vSIk?si=gcAVM3w6uvKUkA5R
NEXZ,Ride the Vibe,SO GEON,https://youtu.be/mdB1Nqqd4J0?si=CwLCJ4Sn3sTuLMM2
NEXZ,Ride the Vibe,SEITA,https://youtu.be/jD98zGmnGpA?si=eHAr6d90nv_ZvKL8
NEXZ,Ride the Vibe,HYUI,https://youtu.be/lbnm_D-IuT4?si=i7bgpG-OqfJ8YVyz
NEXZ,Ride the Vibe,YUKI,https://youtu.be/Y1QBuEuFaxo?si=0aguNUd1I45lhSpn
NEXZ,O-RLY?,YU,https://youtu.be/zos__VLe0G0?si=CNYc1WbIwO-l1kEv
NEXZ,O-RLY?,TOMOYA,https://youtu.be/P2Wf3WZeTNk?si=HykU5pvLS-wGqO3v
NEXZ,O-RLY?,HARU,https://youtu.be/lDetAf0_D4g?si=tMnHa-5xAgQ7exBZ
NEXZ,O-RLY?,SO GEON,https://youtu.be/eEh1JdAodmk?si=6lT9_0BtqCc-wCda
NEXZ,O-RLY?,SEITA,https://youtu.be/lL5UBKXqcK8?si=wDSAMiD4Pm5F6e8n
NEXZ,O-RLY?,HYUI,https://youtu.be/4bqHq4wtcuc?si=il2SVsNRkuSNrQI6
NEXZ,O-RLY?,YUKI,https://youtu.be/-C2Wf4oQh44?si=Lh585h4Y1tGcENR5
NEXZ,Simmer,YU,https://youtu.be/OQtoeYjUbK4?si=Bjn0Wy6VMc3jcjCw
NEXZ,Simmer,TOMOYA,https://youtu.be/qy2kRFdraAA?si=UuLQ90DW9nER011N
NEXZ,Simmer,HARU,https://youtu.be/sPmPccsouIs?si=jHp-TsoDlmM-ETzg
NEXZ,Simmer,SO GEON,https://youtu.be/4QSMV6SELZM?si=rYzo-WKlpt2Mm7r5
NEXZ,Simmer,SEITA,https://youtu.be/Sw_gBwQm-SQ?si=LjehgRfLoDDSz6Yz
NEXZ,Simmer,HYUI,https://youtu.be/UUsfrshsu6s?si=9-0Tm_OaYpTfUoX9
NEXZ,Simmer,YUKI,https://youtu.be/B5kBmCtZSvw?si=Jva90k6ZsouvQpAG
TWICE,THIS IS FOR,TZUYU,https://youtu.be/E-7X6Bh-9FU?si=9qioGdMoBWgFgP9s
TWICE,THIS IS FOR,NAYEON,https://youtu.be/bIb_mp4QhWk?si=op0z8vzvan4DZJVZ
TWICE,Strategy,TZUYU,https://youtu.be/zZexzwud4SA?si=BxlO7YkZjZ-RIB0j
TWICE,Strategy,NAYEON,https://youtu.be/b5qiX8tJmO4?si=ToXhD4mqKx1-Efax
TWICE,Run Away,TZUYU,https://youtu.be/Ro49ov_KVbE?si=yKIIeRxtzYbDv_OM
TWICE,Run Away,TZUYU,https://youtu.be/S9iTwS4aYSs?si=QZCGBZDfiyMh71no
TWICE,ABCD,NAYEON,https://youtu.be/dsCHrK0lznw?si=r1L028DbKy8xjPdh
TWICE,POP,NAYEON,https://youtu.be/nJmtVn9OXpk?si=N98IOOa9sZU9YtWd
TWICE,POP,NAYEON,https://youtu.be/jrKRd3kL3-s?si=b_qcoLtkFff2XLdn
TWICE,I GOT YOU,TZUYU,https://youtu.be/Y1E3--Gb1Rg?si=9u4PhGfgtNYi28LY
TWICE,I GOT YOU,NAYEON,https://youtu.be/tZuhkuVuDUU?si=hGEWPKmXVImGOuIZ
TWICE,ONE SPARK,TZUYU,https://youtu.be/zFeRlFyiWUQ?si=X0rklzVkhZ-hSJRN
TWICE,ONE SPARK,NAYEON,https://youtu.be/riefPOToOEU?si=5hlXRNu6TIoFYODc
TWICE,SET ME FREE,TZUYU,https://youtu.be/9I6TbQ5wwdQ?si=yT71vYMwim-xGEJx
TWICE,SET ME FREE,NAYEON,https://youtu.be/NCxQKD80Z_0?si=7ZhDA9LOdDc7s85s
TWICE,Talk that Talk,TZUYU,https://youtu.be/GwIyExLxL2o?si=cdfFeZ_DlXt0IMR4
TWICE,Talk that Talk,NAYEON,https://youtu.be/fXF0R2-8YUI?si=d0fVbFxGJhgx0ZUy
TWICE,Alcohol-Free,TZUYU,https://youtu.be/D8tcmx3l6ow?si=frh4eUFldoIijFWZ
TWICE,Alcohol-Free,NAYEON,https://youtu.be/BVEax12-L4g?si=XcUIBK4G77GDMVmk
TWICE,Merry&Happy,TZUYU,https://youtu.be/Wwq1Rqb32bk?si=VH9e856f35apBDa6
TWICE,Merry&Happy,NAYEON,https://youtu.be/ZUxZ_HnZ7u8?si=GosYuh54DFqyikCr
TWICE,MORE & MORE,TZUYU,https://youtu.be/PBN9oCsLkV0?si=p_sFfV645EU4WapT
TWICE,MORE & MORE,NAYEON,https://youtu.be/jqENfOvtg1I?si=p0tl1Ogr0tXpm2wP
TWICE,I CAN'T STOP ME,TZUYU,https://youtu.be/UcOWY1Ku9ZA?si=Rk6PMIKa2IswAklt
TWICE,I CAN'T STOP ME,NAYEON,https://youtu.be/Gt7YGai630c?si=-ImaRhQnh9YNMEyD
TWICE,Feel Special,TZUYU,https://youtu.be/AkfMX-MtT4E?si=MaBTFdDN95PRmWsE
TWICE,Feel Special,NAYEON,https://youtu.be/zdOtFv0xhYo?si=Wq7RxQI_dqYCXZEg
TWICE,Fancy,TZUYU,https://youtu.be/tsjqMKQ-Y3I?si=Yc9I9nqCwxgSwXqr
TWICE,Fancy,NAYEON,https://youtu.be/KQiqzFmKti0?si=nhfmcTmlNPiPuVwT
TWICE,YES or YES,TZUYU,https://youtu.be/bf9nE2m9eFA?si=5RwZiehH8GdYXkCK
TWICE,YES or YES,NAYEON,https://youtu.be/y-j1Rdn4RPs?si=4c1IdDEEZ0ladlN7
TWICE,Dance The Night Away,TZUYU,https://youtu.be/2FUFprEoV9I?si=d4RMgjlD_P89ZynE
TWICE,Dance The Night Away,NAYEON,https://youtu.be/YxSxDXR2oDM?si=5wFilH0VosnFDmu4
TWICE,What is LOVE?,TZUYU,https://youtu.be/Oxi4pjfzJKY?si=1mxit4jxpTmrZDEI
TWICE,What is LOVE?,NAYEON,https://youtu.be/leLL5MsSY-c?si=H6_tCkQ8dIoCEIx4
TWICE,HEART SHARKER,TZUYU,https://youtu.be/ZaLzQzE9kLQ?si=BS97k0spMjANAZzP
TWICE,HEART SHARKER,NAYEON,https://youtu.be/4KRhY8lC848?si=vVj9boNtYIV00IMn
TWICE,LIKEY,TZUYU,https://youtu.be/bWPjau2E3t8?si=2VYTIeD2XCQXlH1m
TWICE,LIKEY,NAYEON,https://youtu.be/6fbxCnIyS4c?si=XJjqipdYA6PYtsB1
TWICE,SIGNAL,TZUYU,https://youtu.be/BHhIJ6Ma2wg?si=LPhNenesDwq5cZlv
TWICE,SIGNAL,NAYEON,https://youtu.be/B-p8uaHD4yk?si=RCyRvl3o8V_5auGK
TWICE,KNOCK KNOCK,TZUYU,https://youtu.be/VdhECliRgIU?si=LiETpx08al3KKOdW
TWICE,KNOCK KNOCK,NAYEON,https://youtu.be/ONf5obAJqkU?si=TkeHmdvZpcb9jCrZ
TWICE,TT,TZUYU,https://youtu.be/4MPJm0aQJX4?si=-FeU-4D4g7J9lwvW
TWICE,TT,NAYEON,https://youtu.be/4MPJm0aQJX4?si=8hW6sIc6is23lyNC
TWICE,1 to 10,TZUYU,https://youtu.be/iD7sh-jcuX0?si=IMAAfZqP-RnuV_2L
TWICE,I'm gonna be a star,TZUYU,https://youtu.be/tARuphFuZVs?si=YN6pi4uNGevY12gD
TWICE,I'm gonna be a star,NAYEON,https://youtu.be/8_vguBB2t_k?si=zd-O6nx0KLmx6g5V
TWICE,CHEER UP,TZUYU,https://youtu.be/kjFgSMhRBZg?si=duCbNv0YKquf0ZCh
TWICE,CHEER UP,NAYEON,https://youtu.be/ofLKM2paaIc?si=AxXuejoCoybfMZ2b
TWICE,OOH AHH하게,TZUYU,https://youtu.be/gR6lQX0-3IY?si=7IVbc7Owak5XSBPM
TWICE,OOH AHH하게,NAYEON,https://youtu.be/ucvYo0ly5qs?si=b9Hjwh0ahK56TxMk
TWICE,Candy Boy,TZUYU,https://youtu.be/kVtKUlLEHs8?si=i0SxzLfHAFO7I0Sc
TWICE,Candy Boy,NAYEON,https://youtu.be/kVtKUlLEHs8?si=aAsGygOGqNuIAFBN
2PM,Make It,JUNHO,https://youtu.be/jreV94kjTbs?si=acInt0kWn4ZV3XHD
2PM,Make It,JUNHO,https://youtu.be/UHDyZbLb1Q0?si=kfe-jgyjxGCEkbRk
2PM,My House,JUNHO,https://youtu.be/YcCpdkAgEJE?si=pjM105EcMADW1WmU
2PM,하.니.뿐,JUNHO,https://youtu.be/uLqtyxsqRHw?si=vxdZFfCXvr9rZ04w
2PM,괜찮아 안 괜찮아,JUNHO,https://youtu.be/p8WSHhQjT0Q?si=Y4ShilM36jJ_fi-o
2PM,HANDS UP,JUNHO,https://youtu.be/PBB2YTZEps4?si=LErIXb3k65ZSN1i0
TWICE,THIS IS FOR,SANA,https://youtu.be/Sto0emSCAP0?si=OznhbSnlZ1vvL37T
TWICE,THIS IS FOR,SANA,https://youtu.be/JFW1Q4abyzk?si=hfTe3tnmLG34dbpN
TWICE,Strategy,SANA,https://youtu.be/808g7ngYyX8?si=AGtoqqVbDfngnfgv
TWICE,Strategy,SANA,https://youtu.be/kf43UwwciDg?si=90weXqgETOEKjNLF
TWICE,I GOT YOU,SANA,https://youtu.be/voK8Oqzs1cY?si=ctzdmY6dxQYn32uF
TWICE,I GOT YOU,SANA,https://youtu.be/EllFTLceT8g?si=XnOBX9MjVoLsbWcG
TWICE,ONE SPARK,SANA,https://youtu.be/tWFUhDqIwgA?si=OWkmTk6VjYh6AOJr
TWICE,ONE SPARK,SANA,https://youtu.be/2vgW3tzOrC4?si=8dOziHSDni9Y9baJ
TWICE,SET ME FREE,SANA,https://youtu.be/bZdIRQm62pM?si=0f-1go9dTi4Q2Tup
TWICE,SET ME FREE,SANA,https://youtu.be/ImPwgn9i9Pc?si=TIOgUH-5XB5Mka6U
TWICE,Talk that Talk,SANA,https://youtu.be/ap2ZpPPrHfc?si=UI2TfxcXgWGzPFRP
TWICE,Talk that Talk,SANA,https://youtu.be/vw3TOLtwZ30?si=I-CJBTOrYvKPdc4o
TWICE,Alcohol-Free,SANA,https://youtu.be/BzvNhWwnqfs?si=2SMFsWrEYOzP1Vat
TWICE,Alcohol-Free,SANA,https://youtu.be/pT-E7APSq4M?si=9zWdOvBA3aNpIICl
TWICE,Merry&Happy,SANA,https://youtu.be/6u7paWxmhDE?si=hkipAHiuqG41c9Ws
TWICE,MORE & MORE,SANA,https://youtu.be/k0HG2Isc-Yk?si=idZVYIiBK3GZAZWZ
TWICE,MORE & MORE,SANA,https://youtu.be/RlnC_gXL95E?si=pU1EN79RyhCWxskH
TWICE,I CAN'T STOP ME,SANA,https://youtu.be/KAc32TW7u4g?si=5ljTZwUTkeYiJGst
TWICE,I CAN'T STOP ME,SANA,https://youtu.be/rEPdPRiWG3g?si=T5WMZXkz4fjpYK2_
TWICE,Feel Special,SANA,https://youtu.be/MA5J0Fk-J80?si=dhcNzG6a2nuHpp7B
TWICE,Feel Special,SANA,https://youtu.be/PSlTOehNR-U?si=4SUC9Eo6WVOAfhN5
TWICE,Fancy,SANA,https://youtu.be/czEgGpdhzsA?si=DPAFmuMZ6rzsjf2X
TWICE,Fancy,SANA,https://youtu.be/eZfmY4NCdyo?si=HdAhMqo7nrqHwsB-
TWICE,YES or YES,SANA,https://youtu.be/jjwB3WeIw6A?si=mVcvHHhJnVIqaUlu
TWICE,YES or YES,SANA,https://youtu.be/IX7vxh87gTM?si=CuTi4D7xyTwJs-xZ
TWICE,Dance The Night Away,SANA,https://youtu.be/EUt8ieYzZZs?si=fwEHuDm7T-7ZWAiP
TWICE,What is LOVE?,SANA,https://youtu.be/GaT__NOr5fk?si=LH9LkZsWydgjLPgV
TWICE,What is LOVE?,SANA,https://youtu.be/cKDCM-sb5ss?si=enTgT0787a9bcz-s
TWICE,LIKEY,SANA,https://youtu.be/PKfwv1hwjw4?si=mRMBG6QrOvQXAdP1
TWICE,LIKEY,SANA,https://youtu.be/jNGuk59UWeI?si=GeJwrSWAoHnaSRHb
TWICE,SIGNAL,SANA,https://youtu.be/EvcmF_pnq3M?si=Il8KE-Fyqj3I7ivT
TWICE,SIGNAL,SANA,https://youtu.be/fWJb78xseXk?si=W83m_NFNz4o9megA
TWICE,KNOCK KNOCK,SANA,https://youtu.be/UprSuLW_-T4?si=fdys005QifhYSeey
TWICE,KNOCK KNOCK,SANA,https://youtu.be/Y2dmbXkKCOQ?si=egPJB5y6Re2wq2Sf
TWICE,TT,SANA,https://youtu.be/bzC2nxQMcwA?si=711PBwfGKlQcworo
TWICE,TT,SANA,https://youtu.be/_Jo5k6isJxg?si=iTW7ey7VIXIsTPbv
TWICE,I'm gonna be a star,SANA,https://youtu.be/46Dxeqw9iI0?si=RxpnR3TB9TqUUaR1
TWICE,CHEER UP,SANA,https://youtu.be/1YOFSlLvsJI?si=S5zFlYRsZhVlTDQi
TWICE,OOH AHH하게,SANA,https://youtu.be/5zS3TCD8zdQ?si=uG3hjA73KKJerlfa
TWICE,Candy Boy,SANA,https://youtu.be/CI0STWXpWEg?si=mgRAGAM5KUhBrkvJ
TWICE,THIS IS FOR,CHAEYOUNG,https://youtu.be/FBxzil6sVu4?si=cZFjVvb0KkMfu_fP
TWICE,THIS IS FOR,CHAEYOUNG,https://youtu.be/LoABep9WOog?si=sM30WaPi5sBheCz_
TWICE,Strategy,CHAEYOUNG,https://youtu.be/jO53oRUEFg0?si=CSWpuDKRpFD9ZJYy
TWICE,Strategy,CHAEYOUNG,https://youtu.be/aY0Qg_ihoN0?si=34aaFmS_driYpPyG
TWICE,I GOT YOU,CHAEYOUNG,https://youtu.be/ESEBxvlVwFE?si=VmQcIXQ2DcQkhGPs
TWICE,I GOT YOU,CHAEYOUNG,https://youtu.be/ikopzXtMJgE?si=PlQnocVZ71LHlLAh
TWICE,ONE SPARK,CHAEYOUNG,https://youtu.be/hoxAmLZmlXA?si=1NWYT8tvmDdCkj3m
TWICE,ONE SPARK,CHAEYOUNG,https://youtu.be/-lmxvezQ4N8?si=0Uxym_YXWYHfj9gb
TWICE,SET ME FREE,CHAEYOUNG,https://youtu.be/OfCU-7H9sBM?si=CBAMhO4fGYT0KQQY
TWICE,SET ME FREE,CHAEYOUNG,https://youtu.be/dnKU-XLtGtU?si=TXANz7orcX__Q89W
TWICE,Talk that Talk,CHAEYOUNG,https://youtu.be/m7UeJdpuB7I?si=IYcjmP3GFeN_f9u4
TWICE,Talk that Talk,CHAEYOUNG,https://youtu.be/OX3ndQ-4dMA?si=uwyL5yufWDuIE5Yx
TWICE,Alcohol-Free,CHAEYOUNG,https://youtu.be/njjTmlzwKF0?si=hq0rqWqrrVKylyz8
TWICE,Alcohol-Free,CHAEYOUNG,https://youtu.be/X5x5AIP02z4?si=SeAp1dXvwdKTynYu
TWICE,Merry&Happy,CHAEYOUNG,https://youtu.be/bHS6xyNgjt0?si=de43fxOoAeS2KE7j
TWICE,MORE & MORE,CHAEYOUNG,https://youtu.be/pM_wqXSNO-U?si=4E_BkZhLlf7V55nH
TWICE,MORE & MORE,CHAEYOUNG,https://youtu.be/ZnXng1k_ic8?si=4zdXqBcjmvItU6GX
TWICE,I CAN'T STOP ME,CHAEYOUNG,https://youtu.be/CKhfayKG6wc?si=7VER2GL4YRzcP32B
TWICE,I CAN'T STOP ME,CHAEYOUNG,https://youtu.be/HrK1Yfwnu-Q?si=jCQJDrj8ES96pREU
TWICE,Feel Special,CHAEYOUNG,https://youtu.be/f6kWmBQn3uk?si=IUoRViQvsH7Vgg_T
TWICE,Feel Special,CHAEYOUNG,https://youtu.be/EkhfVxph1Vs?si=2hpuXAwA9Tpxcvnt
TWICE,Fancy,CHAEYOUNG,https://youtu.be/yztdODdau2Y?si=NXVyBprPxNszZl4F
TWICE,Fancy,CHAEYOUNG,https://youtu.be/WbqFxnz_U8g?si=nY7lsN-l-DKxsqbV
TWICE,YES or YES,CHAEYOUNG,https://youtu.be/xnBjlOo-P7Y?si=F2yEAAC_lOrjffbX
TWICE,YES or YES,CHAEYOUNG,https://youtu.be/wk3sdsPS6IQ?si=_zGvIGPkpw9Vt0M_
TWICE,Dance The Night Away,CHAEYOUNG,https://youtu.be/eSzRCTCQsJg?si=X3adyh7vnzfFd_SH
TWICE,What is LOVE?,CHAEYOUNG,https://youtu.be/49W4gdpB4yU?si=Nsycq2cyh7r-S2WU
TWICE,LIKEY,CHAEYOUNG,https://youtu.be/clIQUqv42-E?si=lbCo7DbtPvyWfGXh
TWICE,LIKEY,CHAEYOUNG,https://youtu.be/EbdvujZc-kw?si=51njf04u_wnJfKwz
TWICE,SIGNAL,CHAEYOUNG,https://youtu.be/2jAlg5rUWH4?si=vlYOhJBBZI6BnTcs
TWICE,KNOCK KNOCK,CHAEYOUNG,https://youtu.be/CKZbPtxnuzY?si=pnncbdAtRLjRiOtn
TWICE,KNOCK KNOCK,CHAEYOUNG,https://youtu.be/a8mM8hD071g?si=4b4BU_TP3xcC09DZ
TWICE,TT,CHAEYOUNG,https://youtu.be/HogjT_KxhIw?si=YTZ0hVD5QsDQn_Re
TWICE,CHEER UP,CHAEYOUNG,https://youtu.be/k7ZdldHBlSU?si=Z6Dl3wwkK-I3I80b
TWICE,CHEER UP,CHAEYOUNG,https://youtu.be/7zKT2cysKaw?si=Bo7vD4uTMOPRa2q7
TWICE,OOH AHH하게,CHAEYOUNG,https://youtu.be/-VVCjJkCAvA?si=YXDkI4HQ1lqu3vuh
TWICE,SCIENTIST,CHAEYOUNG,https://youtu.be/4L6Ntkj5cAM?si=EGxudHzOGwCyDkhq
TWICE,SCIENTIST,NAYEON,https://youtu.be/1_xh5k-pwfQ?si=DkqFpsvy6Wqc42B8
QWER,눈물참기,MAGENTA,https://youtu.be/X9BsS9p6b2I?si=jNZK8CXKd4C4-2Kf
QWER,눈물참기,CHODAN,https://youtu.be/rNEHdu8-srE?si=PLzaknuqRpTeMPn2
QWER,눈물참기,HINA,https://youtu.be/QbeBwxZDd10?si=tPVd6-mBSw4EXYTo
QWER,눈물참기,SIYEON,https://youtu.be/F8W1nP_MOSg?si=eVb4zFpxEH_WCdKj
NMIXX,Blue Valentine,JIWOO,https://youtu.be/eBJmfAF70Yo?si=8juEzRDhYSBJ_Ukf
NMIXX,Heavy Serande,JIWOO,https://youtu.be/y2BP9Nx1FbM?si=yO1QzYMQ4m2H-V_H
NMIXX,Heavy Serande,JIWOO,https://youtu.be/KK9aciCxRbY?si=ZsfiIwJehrFmQzhe
NMIXX,SPINNIN' ON IT,JIWOO,https://youtu.be/YKTMnC0XgsY?si=NHzr3UsR3bbG8rQx
NMIXX,KNOW ABOUT ME,JIWOO,https://youtu.be/c6t-KCD5HBU?si=a70iTIRIS_b_Gk5v
NMIXX,KNOW ABOUT ME,JIWOO,https://youtu.be/JKw4y5wSKyc?si=bhMR9_JjK8RnV7RU
NMIXX,See that?,JIWOO,https://youtu.be/Vb4VcPXGNKk?si=neuNbqviz_4yhfLq
NMIXX,See that?,JIWOO,https://youtu.be/vyxxBXsfAgw?si=InJr6r1eAyKgsw7i
NMIXX,DASH,JIWOO,https://youtu.be/guYNQU3qZCk?si=CeG3gtnHC5Gz3fUi
NMIXX,DASH,JIWOO,https://youtu.be/im-hj6MjOGc?si=q0yqC3w0YJ9Y3tJm
NMIXX,Run For Roses,JIWOO,https://youtu.be/eHaOg1zxSbc?si=DvhUpBYHPTSD182J
NMIXX,Party O’Clock,JIWOO,https://youtu.be/cEgGSqEM6OE?si=BH68XIagX6Qnsdw9
NMIXX,Roller Coaster,JIWOO,https://youtu.be/CDog2unPirM?si=thihFx9-pkl_iBmF
NMIXX,Roller Coaster,JIWOO,https://youtu.be/fadBqHMlWhQ?si=Ahf1qcsSOhWs3Z7I
NMIXX,Hey Mama,JIWOO,https://youtu.be/H2eUNhes53Y?si=BF41GGrtyt8uRk-m
NMIXX,Love Me Like This,JIWOO,https://youtu.be/zC8P5kEGj7Q?si=TAmkFO1WhMyHn72u
NMIXX,Love Me Like This,JIWOO,https://youtu.be/NZTGUyWjlUc?si=mqfb_crpOTNDQRPG
NMIXX,"Young, Dumb, Stupid",JIWOO,https://youtu.be/2S7r8etlR-Y?si=PkVDtzGn55_qDmtq
NMIXX,DICE,JIWOO,https://youtu.be/YVeBbaUH4CI?si=ojkrvaLUzJJIM2Vl
NMIXX,O.O,JIWOO,https://youtu.be/THUdWlRFDBg?si=YZTO_pLbrj5RtXRB
NMIXX,O.O,JIWOO,https://youtu.be/rPjWcrrZvBY?si=FAs55MHUzouCtndR
NMIXX,Blue Valentine,HAEWON,https://youtu.be/pmtVdVnTw9A?si=8TmuDGGVDk2F_i62
NMIXX,Blue Valentine,HAEWON,https://youtu.be/IjgkRtJ-7gI?si=qEUUuSxvXWdQEDE7
NMIXX,Heavy Serande,HAEWON,https://youtu.be/6HUYq0DgwyM?si=3RKUtkusLuQ24DQi
NMIXX,Heavy Serande,HAEWON,https://youtu.be/YMNVd2igMKE?si=Vnxza6SrCxBXQwYK
NMIXX,SPINNIN' ON IT,HAEWON,https://youtu.be/JFdO2thgzBY?si=sB7B0CgLXgO2wVsN
NMIXX,SPINNIN' ON IT,HAEWON,https://youtu.be/dl3vi3V4abE?si=ohNrH9qu6216nCG0
NMIXX,KNOW ABOUT ME,HAEWON,https://youtu.be/R9A1hdIgjJs?si=yw0qQQm-7ec5ZTGH
NMIXX,KNOW ABOUT ME,HAEWON,https://youtu.be/AZSA0KxrSOs?si=_2qXcTNVlno6TYtM
NMIXX,See that?,HAEWON,https://youtu.be/eyhjqIxgvug?si=Ayd7Jw6ETGahiuvW
NMIXX,See that?,HAEWON,https://youtu.be/f_ScMdzfVss?si=Lg6UmypBMIFGV9qH
NMIXX,DASH,HAEWON,https://youtu.be/j84N2leQ6DY?si=XOu0yXbieTnpQj3g
NMIXX,DASH,HAEWON,https://youtu.be/pYF8T-awsRQ?si=NopoAkODdBF-x7kF
NMIXX,Run For Roses,HAEWON,https://youtu.be/WyY5-D1DIXo?si=Gs5RotPRI_pIKvND
NMIXX,Party O’Clock,HAEWON,https://youtu.be/ZsgswSkMo4c?si=cZHNTGDUz_BetpFe
NMIXX,Party O’Clock,HAEWON,https://youtu.be/jx21z-EIM0k?si=CK2vipo2Kc7xyVA7
NMIXX,Roller Coaster,HAEWON,https://youtu.be/zcU7erKnZy4?si=pXC7uYl469nEtJw3
NMIXX,Roller Coaster,HAEWON,https://youtu.be/sMSjipDkv7w?si=JmIGwiw2s6Zb-Vb6
NMIXX,Hey Mama,HAEWON,https://youtu.be/RFwl38Kd2L8?si=QwxMbe068xiINZqH
NMIXX,Love Me Like This,HAEWON,https://youtu.be/BHTE30giMoE?si=LZhuen3hs8BntbRR
NMIXX,Love Me Like This,HAEWON,https://youtu.be/BHTE30giMoE?si=lYGKiZNYQ7Y0d1l3
NMIXX,"Young, Dumb, Stupid",HAEWON,https://youtu.be/b67gpTrmk6k?si=DeMV_ZvNQbX40Zij
NMIXX,DICE,HAEWON,https://youtu.be/lDfJuXRAKns?si=aVhBK8rVk9wRp-dI
NMIXX,DICE,HAEWON,https://youtu.be/EgghTbYdYqg?si=hWdY-7xdxvkaKG2-
NMIXX,O.O,HAEWON,https://youtu.be/nGLYKnN9h14?si=cr7TVRYFhaBbef5A
NMIXX,O.O,HAEWON,https://youtu.be/hiGsMaBP1vk?si=HpVQxqA6MuhlqMQG
NMIXX,Crescendo,HAEWON,https://youtu.be/vtN3tD8R8mE?si=Jys-GEs-IuKMgucR
NMIXX,占 (TANK),HAEWON,https://youtu.be/kp4htHLTr8E?si=-lgetoJiNWDkQsh9
IVE,XOXZ,GAEUL,https://youtu.be/FGqnzCykx4Y?si=q-3PyLjVJjnSGt6g
IVE,XOXZ,GAEUL,https://youtu.be/Wf0b-mZHLH0?si=7zEMYTCiZuPaCIJW
IVE,BANG BANG,GAEUL,https://youtu.be/adr2HIkQ3LQ?si=EhWTeMssPVyLQO_R
IVE,BANG BANG,GAEUL,https://youtu.be/4q3zoJqfcRE?si=w-lS8aN3LNEAF2qO
IVE,BLACKHOLE,GAEUL,https://youtu.be/qZBD27kQRQY?si=nkHPwmCoVbuKhDve
IVE,BLACKHOLE,GAEUL,https://youtu.be/U7u6vw4ApgQ?si=RVcwVT4NiaK4V2t5
IVE,Baddie,GAEUL,https://youtu.be/lV9HgJ6yIkA?si=XJi9QBGcdVxAKYiI
IVE,Baddie,GAEUL,https://youtu.be/JU6CpMR-FlU?si=6Q5A5881U88AXhBF
IVE,REBEL HEART,GAEUL,https://youtu.be/UTTyXyZmDcI?si=lp3bH4JEUoht5Myb
IVE,REBEL HEART,GAEUL,https://youtu.be/93_U8ti2bHw?si=tPOBNmvqf1gXfxmo
IVE,ELEVEN,GAEUL,https://youtu.be/9Zz1udZFqOc?si=N7QvSuKz0TrEF4V-
IVE,ELEVEN,GAEUL,https://youtu.be/hDKJTqH095k?si=TCjrcVKhH-naoAGO
IVE,ATTITUDE,GAEUL,https://youtu.be/zkCxRvvZFw4?si=daHjfUfyFhQaRfDv
IVE,ATTITUDE,GAEUL,https://youtu.be/gmxOX2teXoE?si=SOgIYZJBcjkls7FK
IVE,I AM,GAEUL,https://youtu.be/JoYR_cQdsTQ?si=x4EQJK0frd3o7xbo
IVE,I AM,GAEUL,https://youtu.be/4A2wfok8U2E?si=YbYYEisy5xn_Bfai
IVE,Off The Record,GAEUL,https://youtu.be/V7R3LPITI7E?si=838tuyzPNeImkY2B
IVE,Off The Record,GAEUL,https://youtu.be/Xo3f4HKSark?si=7wDDZ-LQPW6Pf8D4
IVE,Kitsch,GAEUL,https://youtu.be/moSP7unB7l8?si=rFjMiQdJiV0XgmCT
IVE,Kitsch,GAEUL,https://youtu.be/iDBA20hd7C8?si=nRHLEZdc7KSXfQ8H
I-DLE,TOMBOY,MINNIE,https://youtu.be/SZ1P47nCpGU?si=JCP8rmz_JTfjpNAM
I-DLE,TOMBOY,MINNIE,https://youtu.be/75dHdzr4-3I?si=N_ya8Ttrhs3xKKGG
I-DLE,TOMBOY,MIYEON,https://youtu.be/xfoWcOlHkVI?si=fLI-uqpOWE7HOoC3
I-DLE,TOMBOY,MIYEON,https://youtu.be/n6z09U0tLyA?si=SFP7gikH2grLOy4v
I-DLE,TOMBOY,SHUHUA,https://youtu.be/tmcQp28GYD8?si=LmlIh-3Gl2jQ9Lz7
I-DLE,Nxde,SHUHUA,https://youtu.be/FAFR-WrRPoY?si=MVdVs3HnbStj6M5T
I-DLE,TOMBOY,YUQI,https://youtu.be/IB-7o-f1Nlk?si=Sy9osfcvt7vUUPxn
I-DLE,클락션,YUQI,https://youtu.be/ZbZDaP5zDXg?si=i8WSUmummsLqGI9D
I-DLE,퀸카,SOYEON,https://youtu.be/qucQJTaV6jQ?si=Nc2_m36uOcLyEKI8
I-DLE,TOMBOY,SOYEON,https://youtu.be/SKm9UqvJQh4?si=4JGnzB62JnkzSZpS
ITZY,Motto,RYUJIN,https://youtu.be/7Eqyb4xV0S8?si=lBLV9I_iWwBH7tvC
ATEEZ,물감놀이,HONGJOONG,https://youtu.be/IGfVPLYpIbE?si=jYE5NUgu-AY29PfO
ATEEZ,Guerrilla,HONGJOONG,https://youtu.be/8FAeDRSFeYU?si=FA33jcAK1vlkmfOS
ATEEZ,Adrenaline,SEONGHWA,https://youtu.be/S9kPtb3HVkk?si=N9kb_i3l-7W8v_zP
ATEEZ,Adrenaline,SEONGHWA,https://youtu.be/ACuNUwk1POw?si=5raMpYUAUPfw9jns
ATEEZ,NASA,YUNHO,https://youtu.be/kKQ_UqM6b2A?si=y8djH-IeQyEFhem6
ATEEZ,Adrenaline,YUNHO,https://youtu.be/3wFBSvEXCxQ?si=7f__P6DPlgtMlHlP
ATEEZ,Adrenaline,YEOSANG,https://youtu.be/vlPXX629T_k?si=_qXsSu2SpJcj741Y
ATEEZ,HALAZIA,YEOSANG,https://youtu.be/Hh1QBf0OGwo?si=a9kyLNBm3uKLQ_Oz
ATEEZ,Ice On My,SAN,https://youtu.be/qljoDIbsImY?si=fdNBUS-0T78AEGaR
ATEEZ,NASA,SAN,https://youtu.be/kE2vWFyua0o?si=c5wif8jVOPnrj-Qw
ATEEZ,Adrenaline,MINGI,https://youtu.be/YD8gEfYgPIY?si=_bfDAgbzEuvUH0W4
ATEEZ,Lemon Drop,MINGI,https://youtu.be/JrRvINJRa2Q?si=x_miXIBv35gFT2yT
ATEEZ,Adrenaline,JONGHO,https://youtu.be/KI0PBsfi-Dw?si=3WnZE4RU0N2qRfya
ATEEZ,NASA,JONGHO,https://youtu.be/bFxTkASKuag?si=DKxWXc8nby3Ib_ZG
EXO,Obsession,BAEKHYUN,https://youtu.be/dpBuzvWw1-M?si=Yxe09Z7z6e-h-SYi
EXO,Cream Soda,BAEKHYUN,https://youtu.be/En3uLGSBrqA?si=bLSvFTEatwPqYIcL
EXO,Cream Soda,SUHO,https://youtu.be/0iK4iTIXp6E?si=xpJrUiCgq8VpgjcQ
EXO,Obsession,SUHO,https://youtu.be/AhRCg_RAXXA?si=mHqHq6LtSl7VmBxB
EXO,love shot,CHANYEOL,https://youtu.be/DIZxH3PHkuU?si=nFY0dScFxCpQWVwl
EXO,Cream Soda,CHANYEOL,https://youtu.be/u7cfiDgZnBM?si=VJNiex2bDWn6TcVX
EXO,Crown,D.O,https://youtu.be/CVTfAabkg_k?si=Q1dRxwN4YCi97Wpa
EXO,Cream Soda,D.O,https://youtu.be/RJkmwpmCYCw?si=O4Lw5lHacv0YyT2w
EXO,Crown,KAI,https://youtu.be/YC_9_D2Xzng?si=FiT9HZlAz-fuEVnR
EXO,Obsession,KAI,https://youtu.be/ai0kh3hz1rM?si=ABW43DMqhy7Qj4f0
EXO,love shot,SEHUN,https://youtu.be/LH7jpHdp3uc?si=2fiNszfWQ8OA7wti
EXO,Cream Soda,SEHUN,https://youtu.be/1Ag10kVJv0s?si=LEc0x4vP-Dz4t6p7
BTS,FAKE LOVE,RM,https://youtu.be/sPKJyM4_VOE?si=U29On9VEe_yz2Bsx
BTS,MIC Drop,RM,https://youtu.be/2Lw5cJWezdA?si=CmrfkY5ZETHX0YZB
BTS,Boy With Luv,JIN,https://youtu.be/MilKNyALZ6w?si=57GyTlcz2d64oh27
BTS,DNA,JIN,https://youtu.be/DKuVsPg3Tfg?si=aeMdxckGHz16AyVI
BTS,FAKE LOVE,SUGA,https://youtu.be/xzHrs-XUSDs?si=aTNb3bOv3trGC4YK
BTS,Boy With Luv,SUGA,https://youtu.be/GCJ1_mlL6WI?si=AuIb9vCr14KMVBXD
BTS,MIC Drop,J-HOPE,https://youtu.be/th-PXvNmenM?si=j_yxnm2CSp8ZjKbK
BTS,DNA,J-HOPE,https://youtu.be/8zzempVUanI?si=KAFAIXdMesSoo3bM
"ENHYPEN ",No Doubt,JUNGWON,https://youtu.be/JPT5-FU8BiI?si=AyMzTyERXHJ-8OVO
"ENHYPEN ",XO,JUNGWON,https://youtu.be/vUqycnfTxIQ?si=QuOnNgfGVjDU8nX4
"ENHYPEN ",No Doubt,JAY,https://youtu.be/bf-YPL2inBc?si=q3hvN480bPgxKGZ4
"ENHYPEN ",XO,JAY,https://youtu.be/dhA_WLy0nMI?si=bLRB2D8FP1XekZBr
"ENHYPEN ",XO,SUNOO,https://youtu.be/dfuhRpDf4yY?si=FgoVqb4_-I0-ix3V
"ENHYPEN ",Bite Me,SUNOO,https://youtu.be/MdxdU040OQc?si=387cC1qYJNNR2LcM
NCT,Make A Wish,TAEYONG,https://youtu.be/S8bEStCHUTg?si=4246_-tvbpDzoDo5
NCT,Favorite,TAEYONG,https://youtu.be/sECXv8Mbjbg?si=9gJXffzmNpxlPNay
NCT,Beat It Up,HAECHAN,https://youtu.be/4FsxCjUgn7g?si=ou0JuDtwRayNFBzy
NCT,맛(Hot Sauce),HAECHAN,https://youtu.be/KtB9RVndplQ?si=PGkXW2P024nfcfYb
NCT,Baggy Jeans,TEN,https://youtu.be/LYJTJ2UTkFg?si=1hI1Cr786oZ-QhqK
NCT,90’s Love,TEN,https://youtu.be/f2RyLK2-D00?si=PCzgsYxr4ZEjLe1x
NCT,Make A Wish,DOYOUNG,https://youtu.be/RwJ2TBB43lM?si=FJIZzLvWBephhAxQ
NCT,Baggy Jeans,DOYOUNG,https://youtu.be/MkrMZ_uGsS0?si=5_5sHowFRtvVcmT4
NCT,Candy,RENJUN,https://youtu.be/uT0RUFx1CLU?si=pi-BKPC6CzAP6wwW
NCT,Broken Melodies,RENJUN,https://youtu.be/darLgEi-qLg?si=G9yiVkBFO6QM4cgM
MEOVV,MEOW,SOOIN,https://youtu.be/uPdh58Vo8WM?si=pCMnSh8rbfVvQ_zy
MEOVV,MEOW,SOOIN,https://youtu.be/P_Iux10b_Jg?si=s4prZP0VdS4Wefe2
MEOVV,띠로리,ANNA,https://youtu.be/9C4eP_SN7do?si=8vXQSbMC28JBtiNz
MEOVV,띠로리,ANNA,https://youtu.be/oXVuEu19Hfk?si=qrYBSdRFjaqmNZzE
MEOVV,띠로리,GAWON,https://youtu.be/66-CHAqabK8?si=AOucDPqqWCNnrYvd
MEOVV,MEOW,GAWON,https://youtu.be/lDlTVNsAP3s?si=5uDMvB4uxCI6Mw0Q
MEOVV,띠로리,NARIN,https://youtu.be/D68YDEVs_gw?si=VP48X9rFFN5uvBAC
MEOVV,MEOW,NARIN,https://youtu.be/0mXJ2_OA3jA?si=2ZlZG1_6No_no0VH
MEOVV,MEOW,ELLA,https://youtu.be/cT0hlZ_d4L8?si=U-pw8i6DuwukdOu_
MEOVV,띠로리,ELLA,https://youtu.be/XbZUizPF1-c?si=Sa_Beh8hylRkdGdJ
H1-KEY,Summer Was You,RIINA,https://youtu.be/vaceuPj9TM8?si=_5PofnqUZSeU_J3f
H1-KEY,Summer Was You,SEOI,https://youtu.be/4MacrLbsSx8?si=eqkYFTJKGw3peMJI
H1-KEY,To my first love,SEOI,https://youtu.be/OuryrB8qv5c?si=Dd5MCKHNDLxdGOsn
NMIXX,Blue valentine,BAE,https://youtu.be/tnpxFZRqtBQ?si=qmZFtgFivv7igKEG
NMIXX,Spinnin On It,BAE,https://youtu.be/OnGffPz1AFU?si=jsgcYxquq0hrKpHT
NMIXX,Heavy Serenade,KYUJIN,https://youtu.be/N7_Y2R-3o2M?si=W8cGYoUAmX56da97
NMIXX,KNOW ABOUT ME,KYUJIN,https://youtu.be/HmSz0VgZ9tQ?si=X-5bgrKKXmgI4Ce5
TWICE,YES or YES,JEONGYEON,https://youtu.be/7mLWNDYSiLc?si=z8iMivNfO2rTRTI_
TWICE,FANCY,JEONGYEON,https://youtu.be/h5NPIpTeT9s?si=eBuDJsVq43H8rUfT
TWICE,Talk that Talk,JIHYO,https://youtu.be/MgVHdxIZrF8?si=b-hrK-VnXrafb4ds
TWICE,THIS IS FOR,JIHYO,https://youtu.be/Vi5fTvTGVkI?si=FHjHSAHNfbvmjpoh
TWICE,SET ME FREE,MINA,https://youtu.be/sTfln0ApUZQ?si=WZfR_V14VEAm7zsU
TWICE,I CAN'T STOP ME,MINA,https://youtu.be/Zs7TNKT_khs?si=oi-P9atdctNeBDTW
TWICE,THIS IS FOR,DAHYUN,https://youtu.be/BCfgHn2KMmY?si=0HwoKNmRdr9tJO94
TWICE,YES or YES,DAHYUN,https://youtu.be/B5yroBOnm3o?si=v5X20NHBG8T8SJi8
Hearts2Hearts,Pretty Please,CARMEN,https://youtu.be/RWueNqgulo8?si=ZjRzXNbxNKUOpTgB
Hearts2Hearts,RUDE!,CARMEN,https://youtu.be/PPEM6QKMiPI?si=WvVKiya3fTT8Ovc4
Hearts2Hearts,STYLE,STELLA,https://youtu.be/8ee9o8QLqtQ?si=35hU7RpDL7Hdk5IO
Hearts2Hearts,FOCUS,STELLA,https://youtu.be/1K9iQVohU3Y?si=WSBjFjs2CdQlRBZA
Hearts2Hearts,Pretty Please,IAN,https://youtu.be/aPuyVatJLoM?si=_O3bHTbFdPxrNlXC
Hearts2Hearts,RUDE!,IAN,https://youtu.be/_KqNcKog5ng?si=5IpmYK1K6xBwDWlg
Hearts2Hearts,STYLE,YE-ON,https://youtu.be/HnNG8irnfMM?si=05ylGmmEM1D9li9G
Hearts2Hearts,RUDE!,YE-ON,https://youtu.be/oQPtn1-YwGQ?si=KmSwRpPZQMtyxcNu
ILLIT,ICONIC BY MISTAKE,WONHEE,https://youtu.be/ytShgMAJf6I?si=-bbEGAwBmThtkW_j
ILLIT,ICONIC BY MISTAKE,YUNAH,https://youtu.be/svtUtM1bcLw?si=jvMBt7WWAA9WdVnn
ILLIT,ICONIC BY MISTAKE,MINJU,https://youtu.be/FU6yZQ0MKZ4?si=T7KHzXwmhBoLtMDq
ILLIT,ICONIC BY MISTAKE,IROHA,https://youtu.be/bspT0QWQeIk?si=8H6jztulvV3PKuDt
ILLIT,빌려온 고양이 (Do the Dance),MOKA,https://youtu.be/cQArZ2FX6xs?si=PzN0_Z1yFjMSeW4Q
ILLIT,Magnetic,MOKA,https://youtu.be/zTihNUfbVEI?si=c4hmRerY_0s598f4
ILLIT,Magnetic,WONHEE,https://youtu.be/cnhel_I3UcI?si=52AQ6tPRwX-CT-Fd
ILLIT,Magnetic,YUNAH,https://youtu.be/UElcvkLHn_M?si=pxWWZOBn64N6yXz4
ILLIT,Magnetic,IROHA,https://youtu.be/Vs_axXsRY8I?si=tUxf8mXTiVG04eVF
ILLIT,Magnetic,MINJU,https://youtu.be/_9ozCq3U-2U?si=jdCHIiQcmCPaoy9S
Stray Kids,Chk Chk Boom,BANG CHAN,https://youtu.be/Oad3BGbVZuo?si=hV5swmN3UTsr9XkD
Stray Kids,CEREMONY,BANG CHAN,https://youtu.be/1iPwYvfZegs?si=_8bEkbLJ4t1anPyh
Stray Kids,CASE 143,LEE KNOW,https://youtu.be/dOtaBoBheyo?si=au02jonbKEbXMHLu
Stray Kids,특(S-Class)',LEE KNOW,https://youtu.be/QxEcYyTRJns?si=ZcnrORuDMCqjVx5k
Stray Kids,MANIAC,CHANGBIN,https://youtu.be/rvM0JKf9Pyk?si=8zASEgaZYB2dPTpM
Stray Kids,MIROH,CHANGBIN,https://youtu.be/BOalL9GfA20?si=tcBT5wMRXFaN7HhN
Stray Kids,Back Door,HYUNJIN,https://youtu.be/ybnqUJhDD0c?si=iulbcIrO3ANiPSD1
Stray Kids,Chk Chk Boom,HYUNJIN,https://youtu.be/_63pdOvnZ9Y?si=xSHk6IvJEzWqnsIK
SEVENTEEN,THUNDER,S.COUPS,https://youtu.be/mnz3h5w6bdc?si=ikKQ217bUK6RnyE_
SEVENTEEN,"LOVE, MONEY, FAME",S.COUPS,https://youtu.be/ucZLbxLjD-k?si=a86UmAV1DuBroJvG
SEVENTEEN,MAESTRO,S.COUPS,https://youtu.be/b8N0LNxGiXs?si=Z5aL8w70abQTUbc_
SEVENTEEN,손오공,S.COUPS,https://youtu.be/Gx0qhFLw2-8?si=92_pUcP6SzkxeWWx
SEVENTEEN,_WORLD,S.COUPS,https://youtu.be/5MEwCJ7UkiY?si=uA3fPGdO0fgLvK6R
SEVENTEEN,HOT,S.COUPS,https://youtu.be/E42vcL1cJXc?si=TQi1HGhpDV1wkn5-
SEVENTEEN,HOT,S.COUPS,https://youtu.be/ODsBdjrvcJc?si=nMXMN6KQJCuCmrIw
SEVENTEEN,Darl+ing,S.COUPS,https://youtu.be/Q5656qNsgjk?si=s3v3iv55xlVvXQ6h
SEVENTEEN,Rock with you,S.COUPS,https://youtu.be/EgHDtLVCXIQ?si=9x2qFqF1fc45jdSh
SEVENTEEN,Ready to love,S.COUPS,https://youtu.be/aWOjT0dUMQE?si=wCeVcYS6COAGWjqp
SEVENTEEN,HOME;RUN,S.COUPS,https://youtu.be/3UsJmXS4rXg?si=yUQG1ib2gT_fXET1
SEVENTEEN,Left & Right,S.COUPS,https://youtu.be/zMIjuxqUXyY?si=zI9ParSlt0gjxaZ6
SEVENTEEN,My My,S.COUPS,https://youtu.be/MztOmKw_bWA?si=UbvATXd7Qyiuglds
SEVENTEEN,독 : Fear,S.COUPS,https://youtu.be/WxiMd5KGrB0?si=-0s8bRULI7kU1ulH
SEVENTEEN,HIT,S.COUPS,https://youtu.be/Y0zICeUUXtE?si=GreB8R8LpnlzwEN_
SEVENTEEN,Home,S.COUPS,https://youtu.be/lQHWruAQErg?si=LiwEsMCQSrWZofBd
SEVENTEEN,어쩌나 (Oh My!),S.COUPS,https://youtu.be/mRC4z748dx8?si=MEe-aVMWDGAXMu6l
SEVENTEEN,고맙다(THANKS),S.COUPS,https://youtu.be/m7sGNE0yr4w?si=77WR9SX0MnsoBWyA
SEVENTEEN,박수(CLAP),S.COUPS,https://youtu.be/WvwX2caDKNY?si=so2MZHma-HXiSrl1
SEVENTEEN,울고 싶지 않아 (Don't Wanna Cry),S.COUPS,https://youtu.be/bMthCpgM1jU?si=SftZvBB9GpD2NqX5
SEVENTEEN,Good to me,S.COUPS,https://youtu.be/2WwlK5wiYRE?si=eh7DVvmnB985BHe8
SEVENTEEN,Snap Shoot,S.COUPS,https://youtu.be/Y0zICeUUXtE?si=GreB8R8LpnlzwEN_
SEVENTEEN,Fxck my life,S.COUPS,https://youtu.be/yrAkWPOYQSQ?si=20BMEr3LNvrg0Qwc
SEVENTEEN,Anyone,S.COUPS,https://youtu.be/r71WfzDB3OY?si=uaFrHCqZ4phN1C-R
SEVENTEEN,24H,S.COUPS,https://youtu.be/SQVnxe34je8?si=M2OYM9u_PcbQakaS
SEVENTEEN,HIT,JUN,https://youtu.be/329VAgOgF_g?si=8SWuSLbGSgvCU7yB
SEVENTEEN,MAESTRO,JUN,https://youtu.be/L2cqeBJ5dxE?si=BSHajAT-dcR01csR
SEVENTEEN,THUNDER,HOSHI,https://youtu.be/O2zTGyCS308?si=SXVi75Cachek7RrM
SEVENTEEN,음악의 신,HOSHI,https://youtu.be/Yx7nAhrHILs?si=GeZts9lSdPziQDNq
SEVENTEEN,"LOVE, MONEY, FAME",WONWOO,https://youtu.be/zFJQScWRXoA?si=SY4l1X-n7GNx4PIz
SEVENTEEN,HOT,WONWOO,https://youtu.be/szwTYsd0KCQ?si=EYEukAcI-lpd9gZA
SEVENTEEN,MAESTRO,WOOZI,https://youtu.be/UB6Higew6Pk?si=7-Hs0sEsqn4WuI78
SEVENTEEN,손오공,WOOZI,https://youtu.be/IsCpkt5Fb0s?si=weYw4VCA3aIF0tb1
SEVENTEEN,THUNDER,THE 8,https://youtu.be/7ZmJusF_OaM?si=X7w-H6a5sugJHHO5
SEVENTEEN,MAESTRO,THE 8,https://youtu.be/Z9uMLwXgysQ?si=PC-mVRHkxReLbesr
SEVENTEEN,HOT,MINGYU,https://youtu.be/b1T3ooOtvOQ?si=KkNFywxl2A5AQovA
SEVENTEEN,손오공,MINGYU,https://youtu.be/5LNpC5gX1ho?si=J4szBxhBWag_ZKJu
SEVENTEEN,_WORLD,VERNON,https://youtu.be/H_KQ1ES0xeM?si=RFFy1GSBHaIbUPTk
SEVENTEEN,HOME;RUN,VERNON,https://youtu.be/5xWvkAz0zEs?si=SCbUeiZjV_RssMIr
RIIZE,Impossible,SHOTARO,https://youtu.be/vBQwSMHO_Tk?si=uf3iwtTAy1lnd6x2
RIIZE,Memories,SHOTARO,https://youtu.be/oHBA_dUqjo4?si=hw0oOU0IRStjqXd6
RIIZE,Hug,EUNSEOK,https://youtu.be/8Hoa8JOJf0A?si=r4e_TXHbFikEI8Tp
RIIZE,잉걸 (Ember to Solar),EUNSEOK,https://youtu.be/8t5wD_y9Z0I?si=P-5_qdRxl7uDDRUw
RIIZE,Fly Up,WONBIN,https://youtu.be/iNnXu09qBf4?si=eMv8USUxMgvVFZfw
RIIZE,Bag Bad Back,WONBIN,https://youtu.be/pJB2axPQEEA?si=s0SrWADuCx234Qt7
RIIZE,Boom Boom Bass,SOHEE,https://youtu.be/Y-Qq-WmmrfA?si=LYwns-8H34yJEy73
RIIZE,Talk Saxy,SOHEE,https://youtu.be/45qs0GcJdZQ?si=pt3_4Kfomsskp5FA
RIIZE,Bag Bad Back,ANTON,https://youtu.be/7VBO75qf-PE?si=aa-f4CiCTQzP-LI6
RIIZE,잉걸 (Ember to Solar),ANTON,https://youtu.be/fMZATCFBxfs?si=kuyzow7UJynhcFq4