artist,type,url
SULLYOON,活動照,https://x.com/hobbygrapher/status/2050055946790215692?s=46
LIZ,簽售照,https://x.com/byebyemyblue_33/status/2051726284338962523?s=46
SULLYOON,活動照,https://x.com/ljd_1122/status/2051005576143085570?s=46
SULLYOON,活動照,https://x.com/ljd_1122/status/2047925806442397986?s=46
SULLYOON,活動照,https://x.com/pp18923336125/status/2048000601817338362?s=46
SULLYOON,活動照,https://x.com/pp18923336125/status/2047975173824111019?s=46
LIZ,直拍照,https://x.com/power_iu/status/2036300413193076749?s=46
SULLYOON,直拍照,https://x.com/seijiyong/status/2048243460403269900?s=46
SULLYOON,直拍照,https://x.com/dodoz_jwbe/status/2040780337702404454?s=46
HUH YUN JIN,舞台照,https://x.com/entropy_yj/status/2057461666334601467
SULLYOON,上下班照,https://x.com/pp18923336125/status/2057807088047501580
STELLA,舞台照,https://x.com/etoile_0618/status/2056726146004426902?s=46
WOOYOUNG,舞台照,https://x.com/slovvotion/status/2056426790500041207?s=46
WOOYOUNG,活動照," https://x.com/slovvotion/status/2058451485881774194?s=20"
EUNHYUK,舞台照,https://x.com/eunhxxk44/status/2056496750010290642?s=20
EUNHYUK,舞台照,https://x.com/ElfBello/status/2045874609904587179?s=20
EUNHYUK,舞台照,https://x.com/UTOPIA_SJ/status/2045901332880793641?s=20
EUNHYUK,活動照,https://x.com/carolkeiii/status/2053833666602909938?s=20
EUNHYUK,舞台照,https://x.com/elfbello/status/2053143031474528701?s=72
JAYB,舞台照,https://x.com/_hourlyjaebeom/status/2057808698115047598?s=20
JAYB,舞台照,https://x.com/_hourlyjaebeom/status/2058216384027349470?s=20
JAYB,舞台照,https://x.com/_hourlyjaebeom/status/2058201289537081597?s=20
JAYB,簽售照,https://x.com/SeenbyOcean/status/1900172073630392704?s=20
JAYB,簽售照,https://x.com/def_toy/status/1872923474999820559?s=20
JAYB,簽售照,https://x.com/def_toy/status/1879518925370880044?s=20
JAYB,簽售照,https://x.com/def_toy/status/1873066626817634662?s=20
LILY,活動照,https://x.com/slilyoorange17/status/2050513273691550159?s=20
LILY,活動照,https://x.com/slilyoorange17/status/2058407447962747208?s=20
LILY,活動照,https://x.com/slilyoorange17/status/2038995643247817031?s=20
LILY,上下班照,https://x.com/MID0RI_HS/status/2057803845229838373?s=20
LILY,簽售照,https://x.com/MID0RI_HS/status/2055742743868239887?s=20
LILY,簽售照,https://x.com/MID0RI_HS/status/2055843250762858928?s=20
LILY,活動照,https://x.com/musawithlily/status/1980906855003222392?s=20
LILY,上下班照,https://x.com/MID0RI_HS/status/2017483545405755644?s=20
LILY,簽售照,https://x.com/MID0RI_HS/status/2039202553213354144?s=20
LILY,活動照,https://x.com/MID0RI_HS/status/2047734262498267333?s=20
LILY,簽售照,https://x.com/MID0RI_HS/status/2055177630786421199?s=20
LILY,上下班照,https://x.com/Sharonbuxiaren/status/2006941260783993076?s=20
S.COUPS,舞台照,https://x.com/19950808_aug/status/2058196285954666933?s=20
S.COUPS,舞台照,https://x.com/OptUScoups/status/2058161118741492158?s=20
DK,舞台照,https://x.com/Dueto0218/status/2058181782739321291?s=20
DINO,舞台照,https://x.com/dinonaraCyan/status/2058463751498805403?s=20
JEONGHAN,舞台照,https://x.com/erin_carrot/status/1842010958467891524?s=20
JOSHUA,舞台照,https://x.com/K2_1230_/status/2058495732135698550?s=20
JOSHUA,舞台照,https://x.com/morningmimi1230/status/2058514578980614268?s=20
JOSHUA,舞台照,https://x.com/K2_1230_/status/2058206728253321453?s=20
S.COUPS,舞台照,https://x.com/OptUScoups/status/2058512988181872783?s=20
S.COUPS,舞台照,https://x.com/OptUScoups/status/2058479172339863911?s=20
S.COUPS,舞台照,https://x.com/OptUScoups/status/2054842663015415958?s=20
S.COUPS,舞台照,https://x.com/OptUScoups/status/2058490951371551150?s=20
S.COUPS,舞台照,https://x.com/19950808_aug/status/2049702895961203117?s=20
MINGYU,舞台照,https://x.com/Mingyuying0406/status/2048404185843179837?s=20
MINGYU,舞台照,https://x.com/clovermg_/status/2048114087633293372?s=20
JOSHUA,上下班照,https://x.com/grapefruitx95/status/2054066787365613770?s=20
MINGYU,舞台照,https://x.com/clovermg_/status/2048390550974521446?s=20
S.COUPS,舞台照,https://x.com/BeautifulDuet/status/2050452551456174126?s=20
MINGYU,舞台照,https://x.com/clovermg_/status/2047702426543956260?s=20
MINGYU,舞台照,https://x.com/enchantedtomgyu/status/2051628740225249717?s=20
S.COUPS,舞台照,https://x.com/19950808_aug/status/2048456958869742074?s=20
MINGYU,舞台照,https://x.com/BeautifulDuet/status/2048977485434642537?s=20
S.COUPS,舞台照,https://x.com/Stunning_COUPS/status/2048423119430504675?s=20
S.COUPS,舞台照,https://x.com/Stunning_COUPS/status/2048429363788706294?s=20
KARINA,舞台照,https://x.com/notes0411/status/2058154374799802841?s=20
KARINA,舞台照,https://x.com/notes0411/status/2057802854258368627?s=20
WINTER,舞台照,https://x.com/confetti_wt/status/2057794288290066475?s=20
WINTER,舞台照,https://x.com/Feb_5_/status/2057786508040704062?s=20
HWISEO,上下班照,https://x.com/hwiming_0731/status/2058507265666412892?s=20
HWISEO,上下班照,https://x.com/hwiming_0731/status/2058500439390441889?s=20
HWISEO,活動照,https://x.com/hwipxxo/status/2058493538116218919?s=20
HWISEO,活動照,https://x.com/hwipxxo/status/2058493542486639038?s=20
HWISEO,活動照,https://x.com/hwiming_0731/status/2058464125412606385?s=20
HWISEO,活動照,https://x.com/hwiming_0731/status/2058463647547249121?s=20
HWISEO,簽售照,https://x.com/hwiming_0731/status/2058105146224300104?s=20
HWISEO,活動照,https://x.com/hwiming_0731/status/2057976701116981399?s=20
HWISEO,舞台照,https://x.com/hwipxxo/status/2057489309939417191?s=20
YEL,活動照,https://x.com/H1KEY_official/status/2057455171438104661?s=20
RINNA,活動照,https://x.com/H1KEY_official/status/2057443871655928318?s=20
HWISEO,舞台照,https://x.com/dark_m1key/status/2057420297167683957?s=20
HWISEO,活動照,https://x.com/hwipxxo/status/2057398539052040427?s=20
HWISEO,活動照,https://x.com/SupHwi_love/status/2057170146951827710?s=20
HANEUL,活動照,https://x.com/sky_eikooc/status/2051942945025380759?s=20
HANEUL,活動照,https://x.com/sky_eikooc/status/2054027104170447281?s=20
HANEUL,活動照,https://x.com/sky_eikooc/status/2049729245031870637?s=20
HANEUL,活動照,https://x.com/sky_eikooc/status/2047900701368705470?s=20
HANEUL,活動照,https://x.com/sky_eikooc/status/2054047820123128113?s=20
HANEUL,活動照,https://x.com/neullovers/status/2053815325955850551?s=20
HANEUL,活動照,https://x.com/sky_eikooc/status/2049726895391207669?s=20
HANEUL,舞台照,https://x.com/sky_eikooc/status/2058413747992146224?s=20
HANEUL,活動照,https://x.com/KISSOFLIFE_S2/status/2058067235877593469?s=20
HANEUL,生日照,https://x.com/KISSOFLIFE_S2/status/2058563681147871241?s=20
KAZUHA,舞台照,https://x.com/yxlqmdlg/status/2057494470203969900?s=20
KAZUHA,舞台照,https://x.com/kuku_zh/status/2057224397677908149?s=20
KAZUHA,舞台照,https://x.com/Daily_Zuha/status/2058316968931828195?s=20
KAZUHA,舞台照,https://x.com/yxlqmdlg/status/2055746557597671690?s=20
KAZUHA,舞台照,https://x.com/komorebi_kzh/status/2053122696427561255?s=20
KAZUHA,舞台照,https://x.com/komorebi_kzh/status/2050543045557498175?s=20
KAZUHA,活動照,https://x.com/sserapics/status/2053094527003410845?s=20
KAZUHA,生日照,https://x.com/sserapics/status/2052995050330566814?s=20
KAZUHA,活動照,https://x.com/FIMBASE/status/2053089715839242439?s=20
KAZUHA,活動照,https://x.com/sserapics/status/2055282855853408760?s=20
KAZUHA,活動照,https://x.com/Daily_Zuha/status/2057779677402460278?s=20
JIWOO,舞台照,https://x.com/zwoozzwoo/status/2057739036278804606?s=20
JIWOO,舞台照,https://x.com/Knowknow_ovo/status/1911563735933878597?s=20
JIWOO,舞台照,https://x.com/lo_jiwoo_ve/status/2035325585329930486?s=20
JIWOO,簽售照,https://x.com/Wookie_408/status/2007824512285642765?s=20
JIWOO,舞台照,https://x.com/Wookie_408/status/1944727674460803475?s=20
BAE,舞台照,https://x.com/Wookie_408/status/1940043028015849758?s=20
CHODAN,簽售照,https://x.com/manito_c_/status/2054363151857324066?s=20
GAEUL,舞台照,https://x.com/fall_in_miffy/status/2041749487824302399?s=46
YUJIN,舞台照,https://x.com/meandyouth_/status/2005138601223618750?s=20
YUJIN,舞台照,https://x.com/meandyouth_/status/2005140880949383562?s=20
SULLYOON,活動照,https://x.com/snowscape126/status/2058671148603519002?s=46
PHARITA,舞台照,https://x.com/h_toutoioppa97/status/1990048165404561469?s=46
PHARITA,舞台照,https://x.com/Nightfall_Rita/status/2004744681939497100?s=20
FELIX,舞台照,https://x.com/rockrockdaisuki/status/1906723993362817530?s=20
I.N,飯咪照,https://x.com/fallinlove_0208/status/2042081419883864491?s=46
I.N,舞台照,https://x.com/fallinlove_0208/status/2057464711579615605?s=46
I.N,飯咪照,https://x.com/fallinlove_0208/status/2037856078181048382?s=46
I.N,活動照,https://x.com/fallinlove_0208/status/2032047928546902191?s=46
I.N,活動照,https://x.com/fallinlove_0208/status/2010234664137687364?s=46
I.N,舞台照,https://x.com/fallinlove_0208/status/2004187244081696909?s=46
I.N,活動照,https://x.com/fallinlove_0208/status/1992062571986485396?s=46
I.N,飯咪照,https://x.com/skzzoozoo/status/2037869577129115846?s=46
I.N,舞台照,https://x.com/skzzoozoo/status/2000181286640713993?s=46
I.N,舞台照,https://x.com/intonight0208/status/1950858870013767994?s=46
I.N,舞台照,https://x.com/intonight0208/status/1947109744633950701?s=46
I.N,活動照,https://x.com/INtonight0208/status/1923417676988272740?s=20
I.N,金唱片,https://x.com/INtonight0208/status/2009982280597639392?s=20
I.N,機場路,https://x.com/yangbutter_in/status/1870497650459721775?s=46
I.N,機場路,https://x.com/check_in208/status/2026494527561936989?s=46
I.N,機場路,https://x.com/check_in208/status/2026494065207030137?s=46
DINO,舞台照,https://x.com/_dinopeach/status/2058877849369759976?s=46
DINO,舞台照,https://x.com/love_for_dino/status/2058171822831808625?s=46
DINO,舞台照,https://x.com/love_for_dino/status/1871130360966484294?s=46
DINO,舞台照,https://x.com/love_for_dino/status/1938226982204150031?s=46
DINO,舞台照,https://x.com/love_for_dino/status/1945825959753441381?s=46
DINO,舞台照,https://x.com/aquariusdino211/status/1855567596126638575?s=46
DINO,舞台照,https://x.com/aquariusdino211/status/1870807766891421719?s=46
DINO,舞台照,https://x.com/aquariusdino211/status/1888967174833799528?s=46
DINO,舞台照,https://x.com/shinefordino/status/2054849716429656524?s=46
DINO,舞台照,https://x.com/dashfordino211/status/2055485512480350415?s=46
DINO,舞台照,https://x.com/dashfordino211/status/2040993542286553314?s=46
DINO,舞台照,https://x.com/dashfordino211/status/2040464680070811648?s=46
DINO,舞台照,https://x.com/dashfordino211/status/1994986287846310162?s=46
DINO,舞台照,https://x.com/Shinefordino/status/2043649743734395330?s=20
DINO,舞台照,https://x.com/Shinefordino/status/2041771479319376303?s=20
DINO,舞台照,https://x.com/Shinefordino/status/2054868565111771597?s=20
DINO,舞台照,https://x.com/DashForDino211/status/2058468121938362558?s=20
DINO,舞台照,https://x.com/Limerence091204/status/1887779334288769446?s=20
DINO,舞台照,https://x.com/Limerence091204/status/2058078042250166569?s=20
DINO,舞台照,https://x.com/dinonaraCyan/status/2058480654762094769?s=20
DINO,舞台照,https://x.com/dinonaraCyan/status/2058428743568466371?s=20
GAEUL,舞台照,https://x.com/sunset_ge/status/1985362483893477412?s=20
JULIE,舞台照,https://x.com/captivante329/status/1923014422265532693?s=20
RICKY,舞台照,https://x.com/BossBabyR520/status/2036636567679422877?s=20
JAKE,舞台照,https://x.com/puppylove1115/status/1994417254705111341?s=20
GISELLE,舞台照,https://x.com/Jellygaeri/status/1863156782652424413?s=20
GISELLE,機場照,https://x.com/Jellygaeri/status/2029569246301483354?s=20
GISELLE,舞台照,https://x.com/Jellygaeri/status/1970520320198242806?s=20
GISELLE,舞台照,https://x.com/Jellygaeri/status/1970075682656104722?s=20
GISELLE,舞台照,https://x.com/Jellygaeri/status/1925521460615160121?s=20
GISELLE,舞台照,https://x.com/Jellygaeri/status/1924714215396561032?s=20
GISELLE,舞台照,https://x.com/Jellygaeri/status/1919354252851364332?s=20
GISELLE,舞台照,https://x.com/Jellygaeri/status/1916503801928052988?s=20
GISELLE,舞台照,https://x.com/Jellygaeri/status/1863195207426314449?s=20
SULLYOON,簽售照,https://x.com/ljd_1122/status/2060911516208201905?s=20
LIZ,簽售照,https://x.com/liz_anieyo/status/2060968349618897140?s=20
HUH YUN JIN,活動照,https://x.com/Power_IU/status/2061206084145291613?s=20
SULLYOON,舞台照,https://x.com/mirayoon126/status/2060716010878140739?s=20
HUH YUN JIN,舞台照,https://x.com/Orangee0v0/status/2060748035429404773?s=20
HUH YUN JIN,簽售照,https://x.com/entropy_yj/status/2061089966307078522?s=20
LIZ,簽售照,https://x.com/Berries_Liz1121/status/2061038640231539025?s=20
IRENE,舞台照,https://x.com/Cinnamon_0v0/status/2060666600337113316?s=20
LEESEO,簽售照,https://x.com/seoseolovey/status/2061084976880496974?s=20
GAEUL,簽售照,https://x.com/theone_0924/status/2061004072698941836?s=20
HUH YUN JIN,舞台照,https://x.com/carrot_hyj/status/2060728137399550169?s=20
HUH YUN JIN,簽售照,https://x.com/Orangee0v0/status/2061059556193731025?s=20
LIZ,簽售照,https://x.com/Nanlou1201/status/2061102959170330723?s=20
HUH YUN JIN,舞台照,https://x.com/entropy_yj/status/2060746641477615714?s=20
JISUNG,舞台照,https://x.com/masterhamsterjs/status/2035340986659017209?s=46
JISUNG,上下班照,https://x.com/timetojisung_/status/2059382567716237411?s=46
JISUNG,舞台照,https://x.com/masterhamsterjs/status/2017568660425216068?s=46
"JISUNG ",活動照,https://x.com/masterhamsterjs/status/2014386583571726376?s=46
"JISUNG ",舞台照,https://x.com/masterhamsterjs/status/2002019475470885246?s=46
JUNGMO,舞台照,https://x.com/9heartedness/status/2058917656577937476?s=46
JENO,舞台照,https://x.com/boyswho99/status/2038255994980180224?s=46
JENO,舞台照,https://x.com/boyswho99/status/2037528979251581195?s=46
JENO,舞台照,https://x.com/boyswho99/status/1943318428846297368?s=46
JENO,舞台照,https://x.com/tasogare_0423/status/1786755164202041648?s=46
JISUNG,上下班照,https://x.com/timetojisung_/status/2061194458738426223?s=46
LIZ,簽售照,https://x.com/cherryY_Liz/status/2061011023465975967?s=20
LIZ,簽售照,https://x.com/Berries_Liz1121/status/2060965339299828011?s=20
GAEUL,簽售照,https://x.com/Nanlou1201/status/2061095377445806166?s=20
IRENE,舞台照,https://x.com/KHidemune00/status/2060951971234971873?s=20
HUH YUN JIN,簽售照,https://x.com/entropy_yj/status/2061065058952839368?s=20
JIWOO,活動照,https://x.com/DODOZ_jwbe/status/2061012390817448080?s=20
LIZ,簽售照,https://x.com/cherryY_Liz/status/2060709141015142526?s=20
HUH YUN JIN,簽售照,https://x.com/nonizzan/status/2061090556927938890?s=20
HUH YUN JIN,簽售照,https://x.com/carrot_hyj/status/2061052533079163092?s=20
LIZ,簽售照,https://x.com/Nanlou1201/status/2061099613118189701?s=20
LIZ,簽售照,https://x.com/liz_anieyo/status/2060682095895392491?s=20
LIZ,簽售照,https://x.com/byebyemyblue_33/status/2060738906216398991?s=20
HUH YUN JIN,簽售照,https://x.com/carrot_hyj/status/2061041069295636579?s=20
LIZ,簽售照,https://x.com/Berries_Liz1121/status/2060686385984778705?s=20
LIZ,活動照,https://x.com/Temeraire_a/status/2060682940242420010?s=20
GAEUL,簽售照,https://x.com/Nanlou1201/status/2061095875137663156?s=20
SULLYOON,舞台照,https://x.com/mirayoon126/status/2060005943828689129?s=20
SULLYOON,活動照,https://x.com/mirayoon126/status/2059111509687677367?s=20
SULLYOON,活動照,https://x.com/mirayoon126/status/2058100784253055023?s=20
SULLYOON,簽售照,https://x.com/mirayoon126/status/2056353275973455877?s=20
SULLYOON,上下班照,https://x.com/mirayoon126/status/2055997527116447834?s=20
SULLYOON,上下班照,https://x.com/mirayoon126/status/2055997420333605195?s=20
SULLYOON,簽售照,https://x.com/mirayoon126/status/2010223216212734039?s=20
SULLYOON,簽售照,https://x.com/mirayoon126/status/2010220442913849626?s=20
SULLYOON,簽售照,https://x.com/mirayoon126/status/2010179866482880929?s=20
SULLYOON,簽售照,https://x.com/mirayoon126/status/2009501066157867134?s=20
SULLYOON,簽售照,https://x.com/mirayoon126/status/2009498771823206595?s=20
SULLYOON,簽售照,https://x.com/mirayoon126/status/2009498642542154138?s=20
SULLYOON,簽售照,https://x.com/mirayoon126/status/2009251839410139281?s=20
SULLYOON,簽售照,https://x.com/mirayoon126/status/1997358674059133108?s=20
SULLYOON,舞台照,https://x.com/mirayoon126/status/1996578110163366223?s=20
SULLYOON,活動照,https://x.com/TARS432/status/2058426248343507010?s=20
SULLYOON,活動照,https://x.com/TARS432/status/2058038703097020825?s=20
SULLYOON,舞台照,https://x.com/hihicamilla/status/2060040419820618014?s=20
SULLYOON,活動照,https://x.com/hihicamilla/status/2058041231729697233?s=20
SULLYOON,上下班照,https://x.com/hihicamilla/status/2055252580058677363?s=20
SULLYOON,簽售照,https://x.com/hihicamilla/status/2054925161716199868?s=20
SULLYOON,活動照,https://x.com/hihicamilla/status/2049756620528459883?s=20
SULLYOON,簽售照,https://x.com/hihicamilla/status/2049382065356091802?s=20
SULLYOON,舞台照,https://x.com/hihicamilla/status/2042514246966349988?s=20
SULLYOON,舞台照,https://x.com/hihicamilla/status/2039935347191054652?s=20
SULLYOON,舞台照,https://x.com/hihicamilla/status/2038481577336819770?s=20
SULLYOON,舞台照,https://x.com/hihicamilla/status/2036605992050499682?s=20
SULLYOON,簽售照,https://x.com/hihicamilla/status/2017572091240009909?s=20
SULLYOON,上下班照,https://x.com/hihicamilla/status/2017368435454566473?s=20
SULLYOON,簽售照,https://x.com/hihicamilla/status/2015341580497166530?s=20
SULLYOON,簽售照,https://x.com/hihicamilla/status/2014161231154680229?s=20
SULLYOON,簽售照,https://x.com/hihicamilla/status/2012779621633138983?s=20
SULLYOON,簽售照,https://x.com/hihicamilla/status/2012438924824830288?s=20
SULLYOON,簽售照,https://x.com/hihicamilla/status/2011804315166622092?s=20
SULLYOON,上下班照,https://x.com/hihicamilla/status/2009774762294129031?s=20
SULLYOON,簽售照,https://x.com/hihicamilla/status/2009260432784081275?s=20
SULLYOON,簽售照,https://x.com/hihicamilla/status/2008103341856014676?s=20
SULLYOON,簽售照,https://x.com/hihicamilla/status/2007412184742240273?s=20
SULLYOON,上下班照,https://x.com/hihicamilla/status/2007228698915954810?s=20
SULLYOON,舞台照,https://x.com/hihicamilla/status/2006432542522847324?s=20
SULLYOON,簽售照,https://x.com/hihicamilla/status/2005095847483384164?s=20
SULLYOON,舞台照,https://x.com/hihicamilla/status/2004838112737067153?s=20
SULLYOON,舞台照,https://x.com/hihicamilla/status/2004276361297551681?s=20
SULLYOON,簽售照,https://x.com/hihicamilla/status/2002665174063587637?s=20
SULLYOON,簽售照,https://x.com/hihicamilla/status/2002340014492090855?s=20
SULLYOON,簽售照,https://x.com/hihicamilla/status/2000124206982549522?s=20
SULLYOON,舞台照,https://x.com/hihicamilla/status/1999817211951931611?s=20
SULLYOON,上下班照,https://x.com/hihicamilla/status/1999368400599155094?s=20
SULLYOON,舞台照,https://x.com/hihicamilla/status/1995800733980185029?s=20
SULLYOON,舞台照,https://x.com/hihicamilla/status/1995099429729448272?s=20
SULLYOON,舞台照,https://x.com/hihicamilla/status/1994742339282378843?s=20
SULLYOON,簽售照,https://x.com/hihicamilla/status/1992514532024189221?s=20
SULLYOON,上下班照,https://x.com/hihicamilla/status/1992013177257869633?s=20
SULLYOON,活動照,https://x.com/hihicamilla/status/1988099484841373830?s=20
SULLYOON,活動照,https://x.com/hihicamilla/status/1988091211392184817?s=20
SULLYOON,舞台照,https://x.com/hihicamilla/status/1987429583852028090?s=20
SULLYOON,上下班照,https://x.com/hihicamilla/status/1986773819265323032?s=20
SULLYOON,上下班照,https://x.com/hihicamilla/status/1986766976421884244?s=20
SULLYOON,簽售照,https://x.com/hihicamilla/status/1984888720403927100?s=20
SULLYOON,簽售照,https://x.com/hihicamilla/status/1984254664821637499?s=20
SULLYOON,活動照,https://x.com/hihicamilla/status/1983488286111986010?s=20
SULLYOON,活動照,https://x.com/hihicamilla/status/1983479224204951652?s=20
SULLYOON,簽售照,https://x.com/hihicamilla/status/1982418164400206159?s=20
SULLYOON,簽售照,https://x.com/hihicamilla/status/1981713843777884370?s=20
SULLYOON,簽售照,https://x.com/hihicamilla/status/1981368902597951782?s=20
SULLYOON,活動照,https://x.com/hihicamilla/status/1980865368349634654?s=20
SULLYOON,簽售照,https://x.com/hihicamilla/status/1979891124144894160?s=20
SULLYOON,簽售照,https://x.com/ljd_1122/status/2017841852549042353?s=20
SULLYOON,舞台照,https://x.com/ljd_1122/status/2061382487105057116?s=20
SULLYOON,活動照,https://x.com/ljd_1122/status/2060911516208201905?s=20
SULLYOON,活動照,https://x.com/ljd_1122/status/2051005576143085570?s=20
SULLYOON,活動照,https://x.com/ljd_1122/status/2050053706612445187?s=20
SULLYOON,舞台照,https://x.com/ljd_1122/status/2047925645934731274?s=20
SULLYOON,舞台照,https://x.com/ljd_1122/status/2047925806442397986?s=20
SULLYOON,簽售照,https://x.com/ljd_1122/status/2047220920104943772?s=20
SULLYOON,舞台照,https://x.com/ljd_1122/status/2042185082249830904?s=20
SULLYOON,舞台照,https://x.com/ljd_1122/status/2042185301607821379?s=20
SULLYOON,簽售照,https://x.com/ljd_1122/status/2038965434389844261?s=20
SULLYOON,舞台照,https://x.com/ljd_1122/status/2029405887035822473?s=20
SULLYOON,舞台照,https://x.com/ljd_1122/status/2020520532123226478?s=20
SULLYOON,舞台照,https://x.com/ljd_1122/status/2020542726077632578?s=20
SULLYOON,簽售照,https://x.com/ljd_1122/status/2018978526221967520?s=20
SULLYOON,簽售照,https://x.com/ljd_1122/status/2018979129748828240?s=20
SULLYOON,簽售照,https://x.com/ljd_1122/status/2018978624196821070?s=20
SULLYOON,簽售照,https://x.com/ljd_1122/status/2015453609832673570?s=20
SULLYOON,簽售照,https://x.com/ljd_1122/status/2015059715324277239?s=20
SULLYOON,簽售照,https://x.com/ljd_1122/status/2014641471199314015?s=20
SULLYOON,上下班照,https://x.com/ljd_1122/status/2009993467959853117?s=20
SULLYOON,上下班照,https://x.com/ljd_1122/status/2009964241818968315?s=20
SULLYOON,上下班照,https://x.com/ljd_1122/status/2007647428548407529?s=20
SULLYOON,上下班照,https://x.com/ljd_1122/status/2007631618555687350?s=20
SULLYOON,舞台照,https://x.com/ljd_1122/status/2005071603827441787?s=20
SULLYOON,舞台照,https://x.com/ljd_1122/status/2004502775871512698?s=20
SULLYOON,舞台照,https://x.com/ljd_1122/status/2004356055934161010?s=20
SULLYOON,上下班照,https://x.com/ljd_1122/status/1999715961654641065?s=20
SULLYOON,上下班照,https://x.com/ljd_1122/status/1999715165550575901?s=20
SULLYOON,上下班照,https://x.com/ljd_1122/status/1999497878633611395?s=20
SULLYOON,上下班照,https://x.com/ljd_1122/status/1998388414174146814?s=20
SULLYOON,上下班照,https://x.com/ljd_1122/status/1998388960301834582?s=20
SULLYOON,上下班照,https://x.com/ljd_1122/status/1998244023270834193?s=20
SULLYOON,舞台照,https://x.com/ljd_1122/status/1995764070503563413?s=20
SULLYOON,舞台照,https://x.com/ljd_1122/status/1994430542532788637?s=20
LIZ,舞台照,https://x.com/Berries_Liz1121/status/1859960108207472663?s=20
LIZ,簽售照,https://x.com/Berries_Liz1121/status/2061038640231539025?s=20
LIZ,簽售照,https://x.com/Berries_Liz1121/status/2060983524677870035?s=20
LIZ,簽售照,https://x.com/Berries_Liz1121/status/2060965339299828011?s=20
LIZ,簽售照,https://x.com/Berries_Liz1121/status/2060693481631474174?s=20
LIZ,簽售照,https://x.com/Berries_Liz1121/status/2060686385984778705?s=20
LIZ,簽售照,https://x.com/Berries_Liz1121/status/2060662557011259729?s=20
LIZ,簽售照,https://x.com/Berries_Liz1121/status/2060655909194621037?s=20
LIZ,簽售照,https://x.com/Berries_Liz1121/status/2060634469766492661?s=20
LIZ,活動照,https://x.com/Berries_Liz1121/status/2060573406341517396?s=20
LIZ,活動照,https://x.com/Berries_Liz1121/status/2060283869786702034?s=20
LIZ,活動照,https://x.com/Berries_Liz1121/status/2060278891567251882?s=20
LIZ,舞台照,https://x.com/Berries_Liz1121/status/2058846197776068760?s=20
LIZ,舞台照,https://x.com/Berries_Liz1121/status/2058518575279952029?s=20
LIZ,舞台照,https://x.com/Berries_Liz1121/status/2058510198063722586?s=20
LIZ,舞台照,https://x.com/Berries_Liz1121/status/2058499136433877489?s=20
LIZ,舞台照,https://x.com/Berries_Liz1121/status/2058477034150519185?s=20
LIZ,舞台照,https://x.com/Berries_Liz1121/status/2058391927217922228?s=20
LIZ,舞台照,https://x.com/Berries_Liz1121/status/2058385939651760417?s=20
LIZ,舞台照,https://x.com/Berries_Liz1121/status/2058170270612127816?s=20
LIZ,舞台照,https://x.com/Berries_Liz1121/status/2058143159176384657?s=20
LIZ,舞台照,https://x.com/Berries_Liz1121/status/2058114344781787595?s=20
LIZ,活動照,https://x.com/Berries_Liz1121/status/2052567263996498265?s=20
LIZ,活動照,https://x.com/Berries_Liz1121/status/2052345658817028578?s=20
LIZ,活動照,https://x.com/Berries_Liz1121/status/2052260881724280967?s=20
LIZ,活動照,https://x.com/Berries_Liz1121/status/2052257654157054027?s=20
LIZ,簽售照,https://x.com/Berries_Liz1121/status/2051548559594684486?s=20
LIZ,簽售照,https://x.com/Berries_Liz1121/status/2050839104842293718?s=20
LIZ,簽售照,https://x.com/Berries_Liz1121/status/2050836810583179575?s=20
LIZ,簽售照,https://x.com/Berries_Liz1121/status/2050825813965042055?s=20
LIZ,簽售照,https://x.com/Berries_Liz1121/status/2050818185491075453?s=20
LIZ,簽售照,https://x.com/Berries_Liz1121/status/2050799891769905377?s=20
LIZ,簽售照,https://x.com/Berries_Liz1121/status/2050795198175944866?s=20
LIZ,簽售照,https://x.com/Berries_Liz1121/status/2050793594815209487?s=20
LIZ,簽售照,https://x.com/Berries_Liz1121/status/2050458543325880360?s=20
LIZ,活動照,https://x.com/Berries_Liz1121/status/2049877888233832898?s=20
LIZ,活動照,https://x.com/Berries_Liz1121/status/2049443535045464192?s=20
LIZ,上下班照,https://x.com/Berries_Liz1121/status/2045133649222537693?s=20
LIZ,上下班照,https://x.com/Berries_Liz1121/status/2044755045720408314?s=20
LIZ,上下班照,https://x.com/Berries_Liz1121/status/2044741005724037354?s=20
LIZ,簽售照,https://x.com/Berries_Liz1121/status/2043147342917115968?s=20
LIZ,簽售照,https://x.com/Berries_Liz1121/status/2043135840105472129?s=20
LIZ,簽售照,https://x.com/Berries_Liz1121/status/2042906548809465939?s=20
LIZ,上下班照,https://x.com/Berries_Liz1121/status/2040253875106857039?s=20
LIZ,上下班照,https://x.com/Berries_Liz1121/status/2039886740366963116?s=20
LIZ,上下班照,https://x.com/Berries_Liz1121/status/2039883278099128456?s=20
LIZ,上下班照,https://x.com/Berries_Liz1121/status/2039880459795186027?s=20
LIZ,上下班照,https://x.com/Berries_Liz1121/status/2039160861248671908?s=20
LIZ,舞台照,https://x.com/Berries_Liz1121/status/2035886288063344652?s=20
LIZ,舞台照,https://x.com/Berries_Liz1121/status/2035855643031240922?s=20
LIZ,舞台照,https://x.com/Berries_Liz1121/status/2035690482475700563?s=20
LIZ,舞台照,https://x.com/Berries_Liz1121/status/2035683129126760879?s=20
LIZ,舞台照,https://x.com/Berries_Liz1121/status/2035657276414165315?s=20
LIZ,舞台照,https://x.com/Berries_Liz1121/status/2035652492252639482?s=20
LIZ,舞台照,https://x.com/Berries_Liz1121/status/2035637604599894078?s=20
LIZ,舞台照,https://x.com/Berries_Liz1121/status/2035619088521937183?s=20
LIZ,舞台照,https://x.com/Berries_Liz1121/status/2035588945124483471?s=20
LIZ,舞台照,https://x.com/Berries_Liz1121/status/2035586724890591553?s=20
LIZ,舞台照,https://x.com/Berries_Liz1121/status/2035584244484080008?s=20
LIZ,舞台照,https://x.com/Berries_Liz1121/status/2035508237802557699?s=20
LIZ,舞台照,https://x.com/Berries_Liz1121/status/2035492113144754515?s=20
LIZ,舞台照,https://x.com/Berries_Liz1121/status/2035364378959315074?s=20
LIZ,舞台照,https://x.com/Berries_Liz1121/status/2035318348716921124?s=20
LIZ,舞台照,https://x.com/Berries_Liz1121/status/2035315917446590733?s=20
LIZ,舞台照,https://x.com/Berries_Liz1121/status/2035301248925372817?s=20
LIZ,舞台照,https://x.com/Berries_Liz1121/status/2035293364338544834?s=20
LIZ,舞台照,https://x.com/Berries_Liz1121/status/2035286170951938171?s=20
LIZ,舞台照,https://x.com/Berries_Liz1121/status/2035257873291518131?s=20
LIZ,舞台照,https://x.com/Berries_Liz1121/status/2035254409220038747?s=20
LIZ,活動照,https://x.com/Berries_Liz1121/status/2034937660134105397?s=20
LIZ,活動照,https://x.com/Berries_Liz1121/status/2034932449244062080?s=20
LIZ,簽售照,https://x.com/Berries_Liz1121/status/2033381377429942623?s=20
LIZ,簽售照,https://x.com/Berries_Liz1121/status/2033073282401055113?s=20
LIZ,簽售照,https://x.com/Berries_Liz1121/status/2033072990079136181?s=20
LIZ,簽售照,https://x.com/Berries_Liz1121/status/2033038747076538648?s=20
LIZ,簽售照,https://x.com/Berries_Liz1121/status/2033035399816425487?s=20
LIZ,簽售照,https://x.com/Berries_Liz1121/status/2032708862688870842?s=20
LIZ,簽售照,https://x.com/Berries_Liz1121/status/2032699802312741153?s=20
LIZ,簽售照,https://x.com/Berries_Liz1121/status/2030630175076188652?s=20
LIZ,簽售照,https://x.com/Berries_Liz1121/status/2030628700186976366?s=20
LIZ,簽售照,https://x.com/Berries_Liz1121/status/2030233931237531747?s=20
LIZ,簽售照,https://x.com/Berries_Liz1121/status/2030229350273142991?s=20
LIZ,簽售照,https://x.com/Berries_Liz1121/status/2030222821092380926?s=20
LIZ,上下班照,https://x.com/Berries_Liz1121/status/2029705368830660648?s=20
LIZ,上下班照,https://x.com/Berries_Liz1121/status/2029703374854332484?s=20
LIZ,簽售照,https://x.com/Berries_Liz1121/status/2028362707796369831?s=20
LIZ,簽售照,https://x.com/Berries_Liz1121/status/2028340385530122738?s=20
LIZ,簽售照,https://x.com/Berries_Liz1121/status/2028338956769915267?s=20
LIZ,簽售照,https://x.com/Berries_Liz1121/status/2028068672313643288?s=20
LIZ,簽售照,https://x.com/Berries_Liz1121/status/2028064312699560433?s=20
LIZ,簽售照,https://x.com/Berries_Liz1121/status/2028061315693252700?s=20
LIZ,簽售照,https://x.com/Berries_Liz1121/status/2028039085080916147?s=20
LIZ,簽售照,https://x.com/Berries_Liz1121/status/2028036128809595231?s=20
LIZ,簽售照,https://x.com/Berries_Liz1121/status/2027715609178599743?s=20
LIZ,簽售照,https://x.com/Berries_Liz1121/status/2027697762209566754?s=20
LIZ,簽售照,https://x.com/Berries_Liz1121/status/2027696117279035631?s=20
LIZ,上下班照,https://x.com/Berries_Liz1121/status/2027345816466407913?s=20
LIZ,上下班照,https://x.com/Berries_Liz1121/status/2027341199716368568?s=20
LIZ,舞台照,https://x.com/Berries_Liz1121/status/2025941267948167654?s=20
LIZ,舞台照,https://x.com/Berries_Liz1121/status/2025939616180871247?s=20
LIZ,舞台照,https://x.com/Berries_Liz1121/status/2025882146729234741?s=20
LIZ,舞台照,https://x.com/Berries_Liz1121/status/2025879552929718339?s=20
LIZ,上下班照,https://x.com/Berries_Liz1121/status/2022103458695041330?s=20
LIZ,上下班照,https://x.com/Berries_Liz1121/status/2022100698620735945?s=20