artist,song,comment
aespa,aespa 에스파 &#39;Whiplash&#39; MV,남돌조차 못할 컨셉... 날이 갈 수록 완성체가 되는 느낌.... 진심 독보적이다
aespa,aespa 에스파 &#39;Whiplash&#39; MV,"노래 미쳤네. 이게 음악이고 이게 작품이지ㅋㅋ 진짜 장난이나치는 노래 같지도않은 노래차트에있는 노래 다 끌어내려야지. 이게 진짜 퀄리티있고, 음악같은 음악이지ㅋㅋㅋㅋㅋㅋㅋㅋㅋㅋㅋㅋㅋㅋㅋㅋ"
aespa,aespa 에스파 &#39;Whiplash&#39; MV,역대 에스파 노래중에 가장 내취향임 너무 좋다 ㅋㅋㅋ 몇시간째 듣는중
aespa,aespa 에스파 &#39;Whiplash&#39; MV,그리고 코덕이면 알겠지만 한명한명 다 메이크업도 개 트렌디함.. 채도 싹 빠진 립에 하이라이터 빔 봐라 하..
aespa,aespa 에스파 &#39;Whiplash&#39; MV,스엠 진짜 일 잘하네 ㅋㅋㅋㅋ 뮤비퀄이 미쳤음 시각적 청각적 자극이 동시에 들어오니까 홀린듯이 계속 보게됨
aespa,aespa 에스파 &#39;Whiplash&#39; MV,올해는 정말 완벽한 에스파의 해였다.. 상반기에 발매한 정규로 인기 초대박치고 멜론차트 역대 최장기간 1위도 찍고 시상식에서 대상까지 휩쓸고 제 2의 전성기를 맞이했는데 지금 위플레쉬까지ㅋㅋㅋㅋㅋ 에스파는 그냥 하나의 장르인듯ㅋㅋㅋㅋㅋㅋㅋㅋㅋㅋㅋ
aespa,aespa 에스파 &#39;Whiplash&#39; MV,2024 에스파 대상 확정 mv. 슈퍼노바-아마겟돈-위플레시 3연타 지렸다지렸어
aespa,aespa 에스파 &#39;Whiplash&#39; MV,또 찢었네 비주얼 디렉터 누굴까 ㅈㄴ 궁금하다 매번 새로운데 깊이도 있음
aespa,aespa 에스파 &#39;Whiplash&#39; MV,어떻게 이렇게 독특하고 어떻게 보면 난해한 컨셉을 세련되게 말아주냐.. 자칫하면 촌스러워 보일 수도 있는데 완전 힙함. Whiplash.
aespa,aespa 에스파 &#39;Whiplash&#39; MV,광고하는 분이 만든 뮤비인가 싶다. 세련의 극치를 달린다. 멤버들도 너무 찰떡이다.
aespa,aespa 에스파 &#39;Whiplash&#39; MV,마치 보그 잡지를 영상으로 본 듯한 느낌. 요즘 노래는 시각 위주라지만 에스파는 시청각을 다 잡았음. 또 보고 또 듣고 싶게 만든다.
aespa,aespa 에스파 &#39;Whiplash&#39; MV,에스파가 하는 음악이 대중에게 에스파 곡이다 따라할 수 없다는 인상을 주는 점이 이들의 가장 큰 자산이라 생각함 대체가 아주 어렵거나 불가능한 존재는 최고지
aespa,aespa 에스파 &#39;Whiplash&#39; MV,노래 개 잘뽑혔네..바빠서 잠깐 보고 나중에 풀로보려다가 발가락 까딱이면서 끝까지 세번들음. 뮤비 감독 천재임??
aespa,aespa 에스파 &#39;Whiplash&#39; MV,이 뮤비를 이제서야 보내요
aespa,aespa 에스파 &#39;Whiplash&#39; MV,상반기에 웅장한 노래로 정규 찢어놓고 세련되고 힙하고 시크하기까지 한 노래로 연말까지 노리는거 개멋있다 진짜... 데뷔초중반 분위기도 좋았지만 올해 컨셉은 진심 대체 불가능한 세련됨 그 자체인 분위기라서 미치겠음 솔직히 스엠 개좋아하면서도 에스파 컨셉이 완전 취향에 맞진 않았었는데 이건 진짜ㅋㅋㅋㅋ 감격스럽고 경이롭다 미치겠네 진짜로
aespa,aespa 에스파 &#39;Whiplash&#39; MV,"아마겟돈에서 엄청난 CG와 화려함, 특수하고 환상적인 비주얼로 우리의 눈을 사로잡았던 것과 정반대로 이번 위플래쉬에서는 절제된 세트, 제한된 컬러, 직선적인 구도 속에서 날카로운 이미지를 전달하는 듯한 느낌… 최고다"
aespa,aespa 에스파 &#39;Whiplash&#39; MV,장난해? 이게 미니라고? 미니 퀄리티가 무슨 정규급이야. 분명 배경이 텅 비어있는데 꽉차있는 기분. 뭔가 비어있는 부분도 납득되는 느낌임.. 여기 진짜 잘하는구나 어떻게 이런 진부하지 않은 컨셉을 가져올까. 진짜 부러운 재능..
aespa,aespa 에스파 &#39;Whiplash&#39; MV,에스파 담당하시는 분들 미감 장난 아니신듯..최근에 계속 들고 오는 것들 다 세련됨
aespa,aespa 에스파 &#39;Whiplash&#39; MV,에스파가 컴백할때마다 진짜 케이팝의 스펙트럼을 넓히는듯 너무 대단하다..개멋지다
aespa,aespa 에스파 &#39;Whiplash&#39; MV,올해는 에스파가 씹어먹음 아무도 못 막아
IVE,IVE 아이브 &#39;I AM&#39; MV,이 콘셉트는 독창적이고 신선하며 아름답습니다. 이것은 ive에서 나온 것입니다.
IVE,IVE 아이브 &#39;I AM&#39; MV,golden 듣고 여기 다시온사람 손! 안 올 수 가 없었다! ㅋ 그거 나 이거 나 둘다 좋음 !
IVE,IVE 아이브 &#39;I AM&#39; MV,아이브가 도깨비들하고 싸우고 있었다는걸 이제야 알았어요. 수고가 많으십니다.
IVE,IVE 아이브 &#39;I AM&#39; MV,2026 새해 첫곡 들을러 온 사람
IVE,IVE 아이브 &#39;I AM&#39; MV,니들이 남들 몰래 세상을 지키느라 고생이 많았구나...고맙다.
IVE,IVE 아이브 &#39;I AM&#39; MV,나온지 2년 넘은 뮤비가 골든듣고 온 사람들 때문에 다시 뮤비 22위 된건가 ㄷㄷ
IVE,IVE 아이브 &#39;I AM&#39; MV,케데헌에서 곡 듣고 나만 이 노래 떠오른 게 아니었군 역시 여기서 따왔나
IVE,IVE 아이브 &#39;I AM&#39; MV,아이브가 혼문을 지키고 있었을 줄이야 ㅠㅠㅠㅠ 같이 만들어요 골든혼문
IVE,IVE 아이브 &#39;I AM&#39; MV,유진 춤도 노래도 멋있고 리즈 너무 맑고 안정감있는 소리도 좋고 이노래 너무 좋아 계속 듣게되네요
IVE,IVE 아이브 &#39;I AM&#39; MV,월드 베스트 송
IVE,IVE 아이브 &#39;I AM&#39; MV,내가 아이브에 빠지게된 영상 ㅋㅋㅋㅋ 미친 영상임
IVE,IVE 아이브 &#39;I AM&#39; MV,2025년 11월에 듣는 사람
IVE,IVE 아이브 &#39;I AM&#39; MV,"""I AM"" is the 4th Songs by Female Group with The Most Days at #1 on MelOn Daily Chart surpassing 아이브 ""After LIKE"" • IVE's Songs with the Most Days at #1 on the Chart #1 I AM – 28 Days* 🔺 #2 After LIKE – 27 Days 🔻 #3 LOVE DIVE – 21 Days #4 KITSCH – 19 Days"
IVE,IVE 아이브 &#39;I AM&#39; MV,와 이때 진짜 대박이었슨🌀🤓💖 물론 지금도 대박이지만☺️✨
IVE,IVE 아이브 &#39;I AM&#39; MV,4세대 최초 4억뷰 드가자
IVE,IVE 아이브 &#39;I AM&#39; MV,3주년. 축하 🎉🎉🎉🎉🎉🎉🎉
IVE,IVE 아이브 &#39;I AM&#39; MV,아이엠 오랜만에 들으니 개꿀야물딱딱지야르인데
IVE,IVE 아이브 &#39;I AM&#39; MV,2026년에 듣는 사람?
IVE,IVE 아이브 &#39;I AM&#39; MV,아니니 | 잠만 3.7억뷰?? 다이브인 나도 몰랐넹... 다이브 한지 벌써 3년 반ㅜㅜ
IVE,IVE 아이브 &#39;I AM&#39; MV,돌고 돌아 I Am에 정착합니다..
BABYMONSTER,BABYMONSTER - &#39;춤 (CHOOM)&#39; M/V,엠넷 투표 해주세요 !!!!!! 1위였는데 지금 2위됨 ㅜㅜㅜㅜ 바로 투표 ㄱㄱㄱㄱ
BABYMONSTER,BABYMONSTER - &#39;춤 (CHOOM)&#39; M/V,조회수 속도봐라 ㅋㅋㅋㅋㅋㅋㅋㅋㅋㅋㅋㅋㅋ
BABYMONSTER,BABYMONSTER - &#39;춤 (CHOOM)&#39; M/V,조금더 힘내세요.100m이 얼마 남지 않았어요.엠카1위하고 일억뷔찍고 월드투어 가야지요.
BABYMONSTER,BABYMONSTER - &#39;춤 (CHOOM)&#39; M/V,"3년째 응원중 뮤비 나올때 마다 엄청 기대감으로 보고 잇음 일주일에 뮤비랑 비하인드 영상 하루에 두번이상 보고 또 봅니다 베몬 다들 화이팅요 ,,,,,,,"
BABYMONSTER,BABYMONSTER - &#39;춤 (CHOOM)&#39; M/V,"12 million views in just 9 hours? They're not kidding, they're real monsters.배몬 사랑해"
BABYMONSTER,BABYMONSTER - &#39;춤 (CHOOM)&#39; M/V,베몬 신곡 미쳤다.....
BABYMONSTER,BABYMONSTER - &#39;춤 (CHOOM)&#39; M/V,노래 진짜 좋다..
BABYMONSTER,BABYMONSTER - &#39;춤 (CHOOM)&#39; M/V,"엔딩 부분이 정말 아름다워요, 노래에서 제일 좋은 부분이에요. 😭🫶🏻🎀🎀"
BABYMONSTER,BABYMONSTER - &#39;춤 (CHOOM)&#39; M/V,오늘 누가 볼까요? Who's watches it today ⁉️
BABYMONSTER,BABYMONSTER - &#39;춤 (CHOOM)&#39; M/V,1억뷰❤
BABYMONSTER,BABYMONSTER - &#39;춤 (CHOOM)&#39; M/V,❤제 생각엔 아주 좋았어요. 아사가 모든 걸 환하게 밝혀줬죠. ❤
BABYMONSTER,BABYMONSTER - &#39;춤 (CHOOM)&#39; M/V,중독성 지린다❤ 또 듣는다
BABYMONSTER,BABYMONSTER - &#39;춤 (CHOOM)&#39; M/V,아사 렙 솔로곡 냈으면 좋겠다 개쫀득해
BABYMONSTER,BABYMONSTER - &#39;춤 (CHOOM)&#39; M/V,아니 YG는 도대체 어떻게 이런 갓곡을 뽑아내는 거야? 🤯 중독성 미쳤잖아 진짜 ㅠㅠ✨ 벌써 수십 번은 리플레이 했네 ㅋㅋㅋ
BABYMONSTER,BABYMONSTER - &#39;춤 (CHOOM)&#39; M/V,와 이거 무조건 뜬다 여러분 열스밍합시다!! 차트인하고 애들 또 앵콜라이브 부르게 해줘야죠
BABYMONSTER,BABYMONSTER - &#39;춤 (CHOOM)&#39; M/V,"진심 역대급으로 강력한 곡이고, 언급된 것처럼 하루빨리 라미가 돌아오길 😊😊😊😊"
BABYMONSTER,BABYMONSTER - &#39;춤 (CHOOM)&#39; M/V,춤 뮤비 떴다 달려옴 베몬 컴백
BABYMONSTER,BABYMONSTER - &#39;춤 (CHOOM)&#39; M/V,이번 컴백 미쳤다 🔥🔥 모든 멤버들 진짜 레전드야 😭💗 노래도 춤도 비주얼도 완벽해서 숨 못 쉬겠어요 계속 반복 재생 중… 너무 좋아요 💕
BABYMONSTER,BABYMONSTER - &#39;춤 (CHOOM)&#39; M/V,로라 덕분에 이 MV가 더 깊어졌다 🤍🌙
BABYMONSTER,BABYMONSTER - &#39;춤 (CHOOM)&#39; M/V,이번엔 진짜 대박 각이다 노래 너무 좋다 실력은 뭐 말할 것도 없고
NMIXX,NMIXX(엔믹스) “Blue Valentine” M/V,지금 댓을 써도 좋아요가 달릴까
NMIXX,NMIXX(엔믹스) “Blue Valentine” M/V,이노래 빌보드 1위 가자
NMIXX,NMIXX(엔믹스) “Blue Valentine” M/V,엔믹스 Heavy Serenade도 멜론 탑백 1위까지 가자!!!!!!!
NMIXX,NMIXX(엔믹스) “Blue Valentine” M/V,"""가장 빛나는 별은 지금 엔믹스에게로"""
NMIXX,NMIXX(엔믹스) “Blue Valentine” M/V,대만에서 활동하는 가수입니다. 한국 선배님 노래 정말 좋아요. 항상 응원합니다!
NMIXX,NMIXX(엔믹스) “Blue Valentine” M/V,와.. 진짜 팬 아닌 입장에서 들어도 너무 좋아서 반복재생 중인데 팬 입장에서는 얼마나 행복할까
NMIXX,NMIXX(엔믹스) “Blue Valentine” M/V,멜론 1위 기념 보러 온사람??
NMIXX,NMIXX(엔믹스) “Blue Valentine” M/V,"드디어 JYP가 NMIXX의 진짜 매력을 제대로 보여줬다. 보컬, 댄스, 랩, 연기, 비주얼까지 완벽한 멤버들인데 이제서야 빛을 보는 느낌… 이번 곡 진짜 미쳤다 콘셉트도 찰떡이고 계속 무한 반복 중. 안 좋아할 이유가 없음… NMIXX 사랑해"
NMIXX,NMIXX(엔믹스) “Blue Valentine” M/V,2026년 5월 9일 오후 11:39 들으러 옴.
NMIXX,NMIXX(엔믹스) “Blue Valentine” M/V,아. 태어나길 잘했다.
NMIXX,NMIXX(엔믹스) “Blue Valentine” M/V,케이팝은 음악성없다고 무시받던거 전부 옛말이고 진심 너무 독특하고 새롭다ㅋㅋㅋ 케이팝 진짜 고점 끝도없이 높아지네
NMIXX,NMIXX(엔믹스) “Blue Valentine” M/V,이건 열심히 달려온 모든게 준비된 엔믹스들에게 온 너무 소중한 기회임 안 뜬다면… 케이팝 시장에 문제가 있는 건데 앞으로 홍보만 잘 돌리면 될 것 같은데 제발 힘을 내 제와피 !!! 대중성도 잡고 엔믹스 색깔도 놓치지 않았고 진짜 완벽해.. 뮤비 색감이랑 비주얼들도 완벽함. 이게 내가 기대했던 엔믹스인 것 같다. 진심으로 잘됏음 좋겟슨 음방 기대해요
NMIXX,NMIXX(엔믹스) “Blue Valentine” M/V,진짜 멋진 곡이다. 가사도 너무 마음에 사무친다. 늘 상처받는 사랑이지만 끝내지 않고 다시 뛰어든다니.
NMIXX,NMIXX(엔믹스) “Blue Valentine” M/V,엔믹스는 진짜 예술을 하는구나... 오늘 갑자기 날씨가 확 추워졌는데 시기도 잘 맞춘듯 아너무좋아ㅠㅠ
NMIXX,NMIXX(엔믹스) “Blue Valentine” M/V,아진짜 노래가 끝여름같으면서 가을같으면서 겨울같음 진짜 블루 발렌타인이다...
NMIXX,NMIXX(엔믹스) “Blue Valentine” M/V,"""늦게뜨는 별이 가장 아름다워 그게 엔믹스야"""
NMIXX,NMIXX(엔믹스) “Blue Valentine” M/V,"진짜 난 엔믹스가 어떤 그룹보다도 잘 됐으면 좋겠음. 난 실력 좋은 사람을 좋아하는 사람이라, 그냥 엔믹스가 보다 더 잘됐으면 좋겠음.. 좀 더 밀어주고 힘써주고 잔득 예뻐해줬아면 좋겠어"
NMIXX,NMIXX(엔믹스) “Blue Valentine” M/V,"이제야 진짜 엔믹스의 시간이 오는 것 같아서 기쁘다. 쉽지 않은 길이었지만 끝까지 자신들의 색을 지켜준 게 너무 멋져. 이번 정규앨범이 엔믹스의 새로운 출발점이자, 진짜 ‘엔믹스다운 음악’으로 세상에 다시 각인되는 순간이 되길. 이번 정규앨범으로 더 많은 사람들이 엔믹스를 알아가고, 오래도록 사랑받는 팀이 되길 응원해. 국내에서도, 그리고 멀리 해외에서도 오래도록 사랑받는 팀이 되길 진심으로 응원해. 우리 엔믹스 이번 정규앨범 음원 차트 상위권에서 오래 볼 수 있도록 응원해주세요."
NMIXX,NMIXX(엔믹스) “Blue Valentine” M/V,노래 낸 시기마저 완벽함 진짜 환절기의 따뜻하고 쌀쌀함이 오고 가는 가을이 눈에 보인다 덥고 치열했던 여름을 향한 막연한 그리움과 시원섭섭함 다가오는 겨울을 향한 아련함과 포근함이 느껴짐 여름 가을 겨울이 다 들어가 있음
NMIXX,NMIXX(엔믹스) “Blue Valentine” M/V,"시기 기가막힘 ㅋㅋㅋㅋㅋㅋ 이 음악이 여름 끝무렵+ 쌀쌀한 가을+젠지+ 청춘 음악인데 계절적으로 기가막히게 맞춤. 겨울하면 뉴진스 디토라면 여름 끝무렵이나 가을하면 엔믹스 블루 발렌타인 떠오를 것 같음. 무엇보다 엔믹스 멤버들이 가진 화사함, 자연스러움을 극대화 시킨 음악과 뮤비인게 진짜 감다살임. 감각적인데 엔믹스의 청춘이 너무 보기 좋음 ㅠㅠ 20대 초반의 풋풋함과 화사함, 엔믹스만의 자연스러운 매력을 너무 잘살렸다고봄"
ILLIT,ILLIT (아일릿) ‘It’s Me’ Official MV,이게 트랜드라는 거구나 처음에 들었을 때 별로였는데 꾸역꾸역 찾아오게 되고 한번 더 듣고 또 듣고 그러다보니 좋아지게 되네 ㅋㅋ
ILLIT,ILLIT (아일릿) ‘It’s Me’ Official MV,안나오면 쳐들어간다 보고오신분?
ILLIT,ILLIT (아일릿) ‘It’s Me’ Official MV,소주과일~석류과일~
ILLIT,ILLIT (아일릿) ‘It’s Me’ Official MV,천국의계단 열심히타고 런닝머신 뛰면서 노래 연습한 이유가 있구나. 아일릿 너무 고생했어. 넘 사랑해.
ILLIT,ILLIT (아일릿) ‘It’s Me’ Official MV,아니 초반에 원희 점프하면서 가는거 ㄹㅇ귀여움
ILLIT,ILLIT (아일릿) ‘It’s Me’ Official MV,아일릿은 나의 bias ! 너무 중독적인 곡이야 들어도 들어도 안질려
ILLIT,ILLIT (아일릿) ‘It’s Me’ Official MV,후크 중독성 진짜 강한 노래네요 특히 민주가 말도 안되게 예쁘게 나온 영상입니다 판타지 애니에 나오는 엘프인 줄 알았음
ILLIT,ILLIT (아일릿) ‘It’s Me’ Official MV,아니 이거는 완전히 대박이다…….. 꼭 날리나는거야.. from Japan
ILLIT,ILLIT (아일릿) ‘It’s Me’ Official MV,이거 진짜 대박날거 같음 수십분째 반복해서 듣고 있음
ILLIT,ILLIT (아일릿) ‘It’s Me’ Official MV,매일 뾰로롱거리는 마법소녀 아일릿 코어만 하다가 이번엔 테크노라니 새롭고 좋다..... 하우스 붐에 이어 테크노 붐이 오려나
ILLIT,ILLIT (아일릿) ‘It’s Me’ Official MV,신곡 비트부터 안무까지 너무 마음에 든다..❤
ILLIT,ILLIT (아일릿) ‘It’s Me’ Official MV,르세라핌도 아일릿도 요즘 하이브 내에 테크노클럽을 만들었나 봅니다 1:37 이부분 중독성있어요!
ILLIT,ILLIT (아일릿) ‘It’s Me’ Official MV,이게 소주과일 석류과일 노래인가 ?
ILLIT,ILLIT (아일릿) ‘It’s Me’ Official MV,르세라핌도 아일릿도 요즘 하이브 내에 테크노클럽을 만들었나 봅니다 1:37 이부분 중독성있어요!
ILLIT,ILLIT (아일릿) ‘It’s Me’ Official MV,진짜 노래 중독성 쩌네 뭔가 휘몰아치는 느낌ㅋㅋ
ILLIT,ILLIT (아일릿) ‘It’s Me’ Official MV,곡과 안무가 왜이리 재밌냐 ㅋㅋ 라이브 기다려진다 ㅎㅎ
ILLIT,ILLIT (아일릿) ‘It’s Me’ Official MV,방탄팬이지만 아일릿 응원한다
ILLIT,ILLIT (아일릿) ‘It’s Me’ Official MV,진짜 이제까지 내던 노래랑은 완전 다른 깔인데 노래 너무 신나고 벌써 중독돼버림 아일릿 더 흥하자
ILLIT,ILLIT (아일릿) ‘It’s Me’ Official MV,볼수록 너무 좋네 ㅋㅋㅋㅋㅋㅋㅋㅋㅋㅋㅋ
ILLIT,ILLIT (아일릿) ‘It’s Me’ Official MV,이번 안무 진짜 장난아니다ㅋㅋㅋㅋㅋ 거의 젤리어스2.0임 이걸 어떻게 라이브로 함..
NCT,NCT WISH 엔시티 위시 &#39;Ode to Love&#39; MV,💘 NCT WISH's MV Commentary 💘 #SION #시온 #シオン 3:07 엔딩 장면을 혼자 찍을 때 감독님이 너무 예쁘다고 해주셔서 기분 좋았지만 아무래도 웃고 있는 씬은 아니다 보니 웃참하기 쉽지 않았어요 ㅋㅋ 1:32 여기는 매트를 깔아두고 그 위에서 스스로 넘어지는 연기를 해야 하는 장면이었는데요! 액션 감독님이 액션 잘 한다고 최애라고 칭찬해주셔서 더 열심히 넘어졌어요 다행히 리얼하게 나온 것 같아요 0:00 시즈니 Ode to Love 많이 많이 사랑해줘서 진심으로 감사드려요 덕분에 너무 너무 행복해요!!! 앞으로도 열심히 할게요 Ode to Love 많이 사랑해주세요💚 #RIKU #리쿠 #リク 0:54 여기는 숲속이라는 장소가 넘 예뻐가지구 저희는 춤의 디테일이나 예쁜 표정에 집중했던 것 같아요! 2:02 료와 함께 누워서 찍은 여기 어때요? 료랑 자연스럽게 얘기하면서 찍었는데 막상 찍을 때는 좀 어색했어요ㅎㅎ 근데 그게 오히려 웃겨서 웃었어요! 0:00 시즈니! 뮤비 진짜 예쁘니까 많이 사랑해 주셨으면 좋겠어요!😚 #YUSHI #유우시 #ユウシ 1:08 클로즈업 장면을 많이 찍었는데 얼굴이 최대한 예쁘게 나오게 예쁜 표정과 아름다운 표정을 지으려고 노력했습니다! 많이 봐주셨으면 좋겠습니다! 2:14 여기 찍을 때 와이어를 썼는데요. 높이 뛰고 착지를 하는 장면인데 최대한 리얼하게 보이려고 많이 찍었습니다! 그리고 양한테 쫓기는 씬도 속도를 최대한 맞추려고 여러 번 찍었습니다! 시즈니 어떤가요? 0:00 Ode to Love 뮤직비디오 예쁘게 봐주시고 저희 Ode to Love 많이 사랑해 주셨으면 좋겠습니다! #JAEHEE #재희 #ジェヒ 2:20 여기 손 모아 기도하는 컷 어떤가요! 제 소원은 바로 최고의 보컬이 되고 싶어!!!!!! 시즈니의 소원은 무엇인가요? 0:29 그리고 넘어지는 연기를 시즈니도 많이 좋아해 주시는 것 같은데요! 처음에는 미끄러지는 연기를 하려니까 너무 어려워서 이거 '큰일 났다.'라고 생각했어요. 그래도 마지막 쯤에 진짜 살짝 미끄러져서 자연스럽게 나온 거 같아요!! 0:00 시즈니 저희 이번 뮤비도 정말 이쁘게 잘 나왔죠! Ode to Love 듣고 다정한 시즈니의 세상에 다정이 가득했으면 좋겠어요💚 사랑해🫶🏻 #RYO #료 #リョウ 1:43 화살 맞는 장면 어떤가요? 타이밍을 정해서 그 타이밍에 쓰러졌는데 영상에서 멋지게 잘 담긴 것 같아요 1:57 밤이 된 숲에서 촬영을 한 장면들 다 너무 예쁘지 않나요? 나비 날개를 달고 촬영을 했는데 너무 예쁘게 나와서 기분이 좋았어요!! 0:00 저희 뮤비를 봐주셔서 감사합니다!! 열심히 예쁘게 찍었으니 많이 좋아해 주셨으면 좋겠어요!!😆 #SAKUYA #사쿠야 #サクヤ 2:48 여기 찍을 때는 세트장들이 너무 예뻐서 세트장에 지지 않도록 예쁜 표정으로 열심히 해봤습니다!! 시즈니도 여기 좋아할까요? 0:35 다 같이 데굴데굴 굴러가는 장면인데요. 촬영할 때는 꽤 천천히 굴러갔어서 멤버들이랑 '이렇게 하는 거 맞아?' 하면서 했는데 배속으로 나온거 보니까 잘 굴러가더라고요 0:00 저희 이번 Ode to Love 뮤비 너무 예쁘게 나왔죠?? 저희도 열심히 찍었으니까 많이 봐주시면 좋겠고 앞으로도 Ode to Love 많이 사랑해주세요
NCT,NCT WISH 엔시티 위시 &#39;Ode to Love&#39; MV,타이틀인 이유를 알았습니다.
NCT,NCT WISH 엔시티 위시 &#39;Ode to Love&#39; MV,"라스타트때부터봐왔던 위즈니인데 정말 위시뿐만성장한게아니라, 팬덤도 엄청커지고 팬들도 성장한게보임 예전엔 투표에서나 약했던부분이 이번정규컴백에서 만점받은거에 정말놀랐음..위시는 서사도완벽함 처음엔 대중성이 그렇게많진않아서 전국투어했는데 이젠 KSPO돔,인스파이어에서 콘서트하는아이돌로 성장한게 너무 감동임…울위시 이제 흥할날만남았다 🎉🎉❤"
NCT,NCT WISH 엔시티 위시 &#39;Ode to Love&#39; MV,이런 순수한 컨셉의 아이돌이 있다는게 감동임 ㅠㅠ
NCT,NCT WISH 엔시티 위시 &#39;Ode to Love&#39; MV,근데 진짜 계속 보면서 느낀건데 성공한 이유중에 진짜 큰 이유가 한국어가사가 많은것도 있는것같아요 요즘 이게 한국노래가 맞나 싶을정도로 한국어가 없는데 위시 노래들은 한국어가 압도적으로 많아서 가사전달도 비교도 안될정도로 잘되고 타팬들도 찾아오는이유이지않을까.. 앞으로도 쭉 한국어가사가 많길
NCT,NCT WISH 엔시티 위시 &#39;Ode to Love&#39; MV,난 이게 좋음... 다른 그룹 느낌이나 ‘엔시티’느낌이 강하지 않고 이게 위시느낌이라고 생각해
NCT,NCT WISH 엔시티 위시 &#39;Ode to Love&#39; MV,위시가 말아주는 별가루 뿌린 청량은 언제나 옳다
NCT,NCT WISH 엔시티 위시 &#39;Ode to Love&#39; MV,즈니들 이번에 스밍 진짜 열심히 해여ㅜㅜ!! 이렇게 좋은데 1위 꼭 해야 될 것 같아요
NCT,NCT WISH 엔시티 위시 &#39;Ode to Love&#39; MV,미리 뮤뱅 1위 축하해요 ~
NCT,NCT WISH 엔시티 위시 &#39;Ode to Love&#39; MV,멜론보니 차트 씹어먹었던데 지금처럼 해주기를.. 가요대전에 큐티 커버도 계속해주는 상남자 기세가 제대로 먹혔다는걸 잊지말고 초심 유지 부탁요. 축하합니다🎉
NCT,NCT WISH 엔시티 위시 &#39;Ode to Love&#39; MV,우리 위시 2관왕 너무 축하해ㅠㅠ근데 위즈니들 첫 정규인데 3관왕은 가야죠 그쵸 여기서 멈추지 말고 3관왕 안겨주게 열스 빡세게 돌려보자고 울애들 기 살려줘야지 화력 가보자고오오
NCT,NCT WISH 엔시티 위시 &#39;Ode to Love&#39; MV,노래가 왤케 감동적이냐.. 아무리 스티키가 좋다지만 타이틀인 이유를 너무 알겠다
NCT,NCT WISH 엔시티 위시 &#39;Ode to Love&#39; MV,"애들아성공했다… 수고했다,"
NCT,NCT WISH 엔시티 위시 &#39;Ode to Love&#39; MV,"누가 타이틀감 아니래! 오투럽 너 최고의 타이틀이야,,위시가 위시했다!"
NCT,NCT WISH 엔시티 위시 &#39;Ode to Love&#39; MV,스티키 같은 컨셉 오드투러브 같은 컨셉 동시에 소화할 수 있는 위시가 새삼 감동적이다
NCT,NCT WISH 엔시티 위시 &#39;Ode to Love&#39; MV,오히려 선공개해서 노래가 익숙한 상태로 뮤비 보니까 더 좋은데 막 따라불러짐
NCT,NCT WISH 엔시티 위시 &#39;Ode to Love&#39; MV,영어 가사만 난무하는 이 시대에 예쁜 한국어 가사들 가득 담겨있는 위시다움이 너무 좋음… 으아앙ㅠㅠ 위즈니라서 행복합니다
NCT,NCT WISH 엔시티 위시 &#39;Ode to Love&#39; MV,와 진짜...세상 살면서 처음느껴보는 깔끔한데 상큼한? 뭐라해야될지 표현도 잘 못하겠는 감정들을 위시한테서 많이느껴서 너무 위시를 사랑하게 되...
NCT,NCT WISH 엔시티 위시 &#39;Ode to Love&#39; MV,내가 팬이라서 하는말 아니고 위시는 음악 스펙트럼이 진짜 넓음 타이틀곡 나오기 전에 sticky vs 2.0 vs 오투럽 파 나뉘어서 싸운것도 어울리는게 너무 많았어서 그런거임
NCT,NCT WISH 엔시티 위시 &#39;Ode to Love&#39; MV,신나는 노래 같은데 왜 눈물이 날거같지ㅋㅋㅋ... 노래 좋다
ZEROBASEONE,ZEROBASEONE (제로베이스원) &#39;TOP 5&#39; MV,Top5를 top100안으로 드가자를 드가자
ZEROBASEONE,ZEROBASEONE (제로베이스원) &#39;TOP 5&#39; MV,"Mv도 보고 컴백 프리미어도 봤는데, 그 전 셜록 무대에서도 느꼈지만 보컬도 댄스도 의지도 훨씬 단단해진 느낌! 9명이 채우던 무대를 5명이 채우는 것 부담이 상당했을텐데 멋지게 이겨냈다! 이전보다 zb1이 더 좋아졌어!! 꼭 음방 1위했으면 좋겠다. 그럴 자격이 충분하다!"
ZEROBASEONE,ZEROBASEONE (제로베이스원) &#39;TOP 5&#39; MV,얘드라 이번에 꼭 음악방송 그랜드슬램 시켜줄게 ㅜㅜㅜ
ZEROBASEONE,ZEROBASEONE (제로베이스원) &#39;TOP 5&#39; MV,타돌 덕질하는 사람이 들어도 한번더 들을 것 같음 노래 되게 잘 뽑은듯
ZEROBASEONE,ZEROBASEONE (제로베이스원) &#39;TOP 5&#39; MV,이거 안뜨면 케이팝시장 문제있는거임
ZEROBASEONE,ZEROBASEONE (제로베이스원) &#39;TOP 5&#39; MV,멤버들이 하나하나 다 잘 보이고 음색도 좋은데 가창력도 정말 디테일있게 발전한 게 느껴져서 들을수록 더 좋아❤
ZEROBASEONE,ZEROBASEONE (제로베이스원) &#39;TOP 5&#39; MV,그냥 순수하게 노래가 좋아서 계속 듣게 됨
ZEROBASEONE,ZEROBASEONE (제로베이스원) &#39;TOP 5&#39; MV,8번째 연속으로 보고 있어요. 모든 게 너무 완벽해서 이 노래와 뮤직비디오 속에서 살고 싶을 정도예요. 확실히 제 최애 TOP 5 안에 들어요! 정말 멋져요!!! ZB1 영원하자! #완벽한건욱
ZEROBASEONE,ZEROBASEONE (제로베이스원) &#39;TOP 5&#39; MV,미쳤다 진짜 ㅜㅜㅜ 노래 춤 스타일 비주얼 연출진짜 느좋 연출팀 진짜 개사랑해요
ZEROBASEONE,ZEROBASEONE (제로베이스원) &#39;TOP 5&#39; MV,제로베이스원을 지켜줘서 고마워. 지금 이 순간 제로베이스원이라는 이름으로 제로베이스원의 신곡을 들을 수 있다는 게 기적이야... ㅠㅠㅠ 제로베이스원을 지켜준 5명이 TOP1이다!!!! ♡
ZEROBASEONE,ZEROBASEONE (제로베이스원) &#39;TOP 5&#39; MV,이건 그랜드슬램 안되면 말이 안됨 비주얼 실력 노래 춤 완벽함 제로즈 가보자고
ZEROBASEONE,ZEROBASEONE (제로베이스원) &#39;TOP 5&#39; MV,TOP5로 TOP1까지 가보자
ZEROBASEONE,ZEROBASEONE (제로베이스원) &#39;TOP 5&#39; MV,아니 타팬인데도 좋음 이번에 대박날듯..
ZEROBASEONE,ZEROBASEONE (제로베이스원) &#39;TOP 5&#39; MV,노래 때깔 뭐야 사운드 깔끔하니 팬 아닌데 이거 쇼츠에서 보고 찾아 들으로 옴 사운드퀄리티 미쳤따아~ 굿👍
ZEROBASEONE,ZEROBASEONE (제로베이스원) &#39;TOP 5&#39; MV,자야 낮에 지장이 없는데 자야 하는데...큰일 났다고요 계속 보게되네.
ZEROBASEONE,ZEROBASEONE (제로베이스원) &#39;TOP 5&#39; MV,"이번 뮤직비디오를 꼭 히트시키고 TOP 5까지 올라가 봐요 🔝5✨ 화이팅, ZEROSE! 🌹"
ZEROBASEONE,ZEROBASEONE (제로베이스원) &#39;TOP 5&#39; MV,아니 웨이크원아 어제 프리미어하고 했으면 최대한 텀은 있어야하지 계속 돌려보지… 자는 시간인데 어떡하냐고 하지만 일어나서 겁나 돌리는중
ZEROBASEONE,ZEROBASEONE (제로베이스원) &#39;TOP 5&#39; MV,완전 까리하네 뮤비퀄 미쳤어요 제로베이스원 TOP5 이거 된다 ❤
ZEROBASEONE,ZEROBASEONE (제로베이스원) &#39;TOP 5&#39; MV,멈춘듯한 넘버에 당황하지말고 꾸준히 정석대로 즐기다보면 회복될꺼라 믿고 퍼포먼스 즐깁시당.
ZEROBASEONE,ZEROBASEONE (제로베이스원) &#39;TOP 5&#39; MV,저 제로즈인데 아마도 제로즈가 아니어도 ’TOP5’ 많이 듣고 있었던 것 같아요..
TXT,TXT (투모로우바이투게더) &#39;하루에 하루만 더 (Stick With You)&#39; Official MV,와..돌판에 한국어 비중이 높은 이런곡..흥해야해요.. 모아들..우리 스밍이랑 뮤스 많이 합시다.. 저번 앨범 너무 아쉬웠잖아요ㅜㅜㅜ
TXT,TXT (투모로우바이투게더) &#39;하루에 하루만 더 (Stick With You)&#39; Official MV,5관왕 기다리며 또 보러왔어요
TXT,TXT (투모로우바이투게더) &#39;하루에 하루만 더 (Stick With You)&#39; Official MV,한 편의 영화같다
TXT,TXT (투모로우바이투게더) &#39;하루에 하루만 더 (Stick With You)&#39; Official MV,대박나는 주파수듣고 왔어요
TXT,TXT (투모로우바이투게더) &#39;하루에 하루만 더 (Stick With You)&#39; Official MV,이건 대박나야 합니다
TXT,TXT (투모로우바이투게더) &#39;하루에 하루만 더 (Stick With You)&#39; Official MV,이번꺼 ㄹㅇ 대박이네 진심 대박나자 제발
TXT,TXT (투모로우바이투게더) &#39;하루에 하루만 더 (Stick With You)&#39; Official MV,"TXT史上初のグランドスラムのチャンスが今回再契約初のカムバックで回ってきました(´༎ຶོρ༎ຶོ`)こんなドラマのような展開があるでしょうかT^Tできること全て全力を尽くしましょう！後悔のないように！ TXT 역사상 처음으로 그랜드 슬램을 노릴 수 있는 기회가, 재계약 후 첫 컴백에 이렇게 찾아오다니(´༎ຶོρ༎ຶོ`) 이렇게 드라마 같은 전개가 정말 있을 수 있을까요 T^T 우리가 할 수 있는 모든 걸 다해서, 전력을 다해봅시다! 후회가 남지 않도록!"
TXT,TXT (투모로우바이투게더) &#39;하루에 하루만 더 (Stick With You)&#39; Official MV,"약간 드림캐쳐의 데자부 느낌도 나고, 애니 오프닝곡 같다ㅠㅠ 너무 좋아요ㅜ... 맴버분들 고생 많으셨고 앞으로도 화이팅!!! 빛나는 모습도 너무 멋있고 빛나지 않아도 언제까지나 옆에서 응원할거예요 모아를 사랑해줘서 고마워요"
TXT,TXT (투모로우바이투게더) &#39;하루에 하루만 더 (Stick With You)&#39; Official MV,투바투 특 시험시간에 컴백함
TXT,TXT (투모로우바이투게더) &#39;하루에 하루만 더 (Stick With You)&#39; Official MV,아직 뮤비 공개 1시간 전인데 예언합니다 이번 앨범 슈러라만큼 대박남
TXT,TXT (투모로우바이투게더) &#39;하루에 하루만 더 (Stick With You)&#39; Official MV,"이거 보니까 옛날 투바투 세계관 떠오르는데... 다른 멤버들과 수빈이는 다른 세계선에 존재하고 그래서 수빈이는 멤버들에게 다다를 수 없다... 예를 들면 943에서 운동자에 누워있는 씬에서 수빈 혼자만 선 밖에 나가있다던가, 이터널리? 애니에서 수빈이 혼자만 거울 속에 있거나, 세불밤 트레일러에서 수빈이가 유리 안에 갇혀서 멤버들한테 가지 못하는 그런 거... 물론 억측일 수도 있어요 이미 세계관 끝난 기분도 들어서... + 노래는 진짜 너무 좋음 한국어 가사도 많고 그냥... 진짜 너무 좋음 뮤비도 예술적이고"
TXT,TXT (투모로우바이투게더) &#39;하루에 하루만 더 (Stick With You)&#39; Official MV,"私の考察はこうです。 「彼女を失うかもしれない」という不安から生まれたスビンの妄想だと考えています。 女性を追いかけるシーンや、他のメンバーがそれぞれ違う形で関わっている描写は、実際の出来事ではなく、「もし浮気していたら」「もう手遅れだったら」という不安が膨らんで生まれたイメージだと思います。触れられない、追いつけないといった演出は、その不安や距離感を表しているように感じました。 また、メンバーは別々の人物というより、スビンの中にある感情（諦め、未練、混乱など）が分かれて表現されているようにも見えます。 最後のケーキのシーンで現実に戻り、ろうそくを消すことで、そうした不安や妄想に区切りをつけたのではないかと思いました。 つまり、「愛しているからこそ不安になる気持ち」と、それでも相手を信じようとする心を描いた作品なのではないかと考えました。 제 생각은 이렇습니다. “그녀를 잃을지도 모른다”는 불안에서 비롯된 수빈의 상상이라고 생각합니다. 여성을 쫓아가는 장면이나 다른 멤버들이 각기 다른 방식으로 등장하는 모습은 실제 사건이라기보다, “혹시 바람을 피우고 있다면”, “이미 늦어버린 건 아닐까”라는 불안이 커지면서 만들어진 이미지라고 느꼈습니다. 닿지 못하고, 따라잡지 못하는 연출은 그런 불안과 거리감을 표현한 것처럼 보였습니다. 또한 멤버들은 각각 별개의 인물이라기보다, 수빈 안에 있는 감정들(포기, 미련, 혼란 등)이 나뉘어 표현된 것처럼도 보였습니다. 마지막 케이크 장면에서 현실로 돌아오고, 촛불을 끄면서 그런 불안과 상상에 마침표를 찍은 게 아닐까 생각했습니다. 결국 이 작품은 “사랑하기 때문에 생기는 불안”과, 그럼에도 불구하고 상대를 믿으려는 마음을 그린 것이 아닐까 생각합니다."
TXT,TXT (투모로우바이투게더) &#39;하루에 하루만 더 (Stick With You)&#39; Official MV,감사해요 최연준 🦊 고마워요 최수빈 🐰 응원해요 최범규 🐶 힘을내요 강태현 🐿 멋있어요 휴닝카이 🦄 사랑해요 두밧두 🌠 내일도 함께하자 🌃🌅🏙
TXT,TXT (투모로우바이투게더) &#39;하루에 하루만 더 (Stick With You)&#39; Official MV,"제 나름대로 해석해 본 내용은 이래요. 눈을 감았다 빛이 들며 깨어나는 연출을 통해 뮤직비디오 속 모든 멤버는 동일한 인물이라는걸 보여줘요.(수빈이 리더니까 전체 스토리에서 수빈이 투바투를 대표하는 것은 무리가 아니죠) 뮤직비디오 내내 여주인공은 떠나가고 나가기만 하고(심지어 비둘기마저 떠나죠) 투바투는 따라가고 매달리기만 하는데 이노래가 ""불안""을 의미한다고 했을때, 투바투의 뮤직비디오 여주인공이 ""모아""라고 생각했을때, 뮤직비디오의 내용은 모아가 떠나갈까 두려워하고 불안한 그들의 모습을 비춘게 아닐까 싶어요ㅡ 하지만 그들의 걱정과 다르게 여주인공(모아)은 빗속(시련)에서도 투바투와 함께 웃으며 춤을 춰요. 투바투는 여주인공(모아)이 다른 이가 아닌 자신과 함께있었다는 사실을 깨닫죠. 결국 카이가 자신을 가로막는 남자(걱정)를 제압하고 자신의 손가락에 박힌 가시(불안)를 떼어내죠. 이후 장면을 보면 여주인공(모아)은 떠나지 않고 수빈(투바투)과 파티를 하고있죠. 투바투는 모아가 떠나갈까 두려워 했지만 떠나지 않고 항상 함께 있을걸 믿는다는 의미를 담은게 아닐까요? 노래가 끝나고 뮤직비디오의 맨 마지막에 수빈이 어둠(상상)에서 눈을 뜨게(현실) 되는데요. 우리 그들의 상상이 아닌 현실에서 그들을 떠나지 말고 하루에 하루만 더.. ""모아"" 가 되어봐요. 😊"
TXT,TXT (투모로우바이투게더) &#39;하루에 하루만 더 (Stick With You)&#39; Official MV,"모아들, 투바투 컴백 많이 사랑해주세요 ♡"
TXT,TXT (투모로우바이투게더) &#39;하루에 하루만 더 (Stick With You)&#39; Official MV,그냥 목소리가 미쳤네 0:18
TXT,TXT (투모로우바이투게더) &#39;하루에 하루만 더 (Stick With You)&#39; Official MV,MOAs 파이팅！
TXT,TXT (투모로우바이투게더) &#39;하루에 하루만 더 (Stick With You)&#39; Official MV,"뮤직비디오를 여러 번 본 후, 제 생각은 이렇습니다. 수빈은 혹시 그녀가 바람을 피우는 건 아닐까 너무 걱정한 나머지 그녀를 따라갔지만, 사실은 바람을 피운 게 아니었어요. 그녀는 그저 수빈의 친구들과 생일 파티를 계획하고 있었던 거죠. 카페에서 만난 남자는 뮤직비디오 마지막 장면에서 그녀 옆에 있는 바로 그 사람이에요. 나머지 멤버들은 수빈이 만약 그녀가 바람을 피우는 걸 실제로 목격했을 때 자신이 어떻게 행동할지 상상한 모습들이었던 것 같아요. 기차에서 태현은 그녀가 누구랑 얘기하는지 물어보고, 카페에서 범규는 그녀의 손을 잡고, 거리에서 연준은 그녀를 다시 사랑에 빠지게 하고, 클럽에서 카이는 그녀를 행복하게 해 주는 거죠. 결국 수빈은 그 '다른 사람'이 사실은 자기 자신이었다는 걸 깨닫고, 모든 게 그저 자신의 불안감 때문이었다고 생각해요."
TXT,TXT (투모로우바이투게더) &#39;하루에 하루만 더 (Stick With You)&#39; Official MV,저는 이 노래를 정말 좋아해요. 노래의 모든 부분이 다 마음에 들어요.
TXT,TXT (투모로우바이투게더) &#39;하루에 하루만 더 (Stick With You)&#39; Official MV,난 이곡이 제일 좋더라 굿굿
ENHYPEN,ENHYPEN (엔하이픈) &#39;No Doubt&#39; Official MV,다 괜찮아질 거야 다들 괜찮아질 거야 토닥토닥 괜찮아 다 잘될 거야
ENHYPEN,ENHYPEN (엔하이픈) &#39;No Doubt&#39; Official MV,엔하이픈 밤에도 낮에도 의심없이 알라뷰
ENHYPEN,ENHYPEN (엔하이픈) &#39;No Doubt&#39; Official MV,생일 축하해 우리 제이크!
ENHYPEN,ENHYPEN (엔하이픈) &#39;No Doubt&#39; Official MV,"래퍼 7명, 비주얼 7명, 보컬 7명, 댄서 7명, 다재다능한 7명 솔직히 이 그룹은... 예외적이에요"
ENHYPEN,ENHYPEN (엔하이픈) &#39;No Doubt&#39; Official MV,또 나만 뒤늦게 빠졌지
ENHYPEN,ENHYPEN (엔하이픈) &#39;No Doubt&#39; Official MV,이왕 이렇게 된거 어쩔 수 없지.. 난 6명의 멤버들 계속 응원할거고 희승이도 따로 계속 응원할거임 6명의 엔하이픈도 희승이도 모두 화이팅!!! 건강하고 행복만 해라
ENHYPEN,ENHYPEN (엔하이픈) &#39;No Doubt&#39; Official MV,엔하이픈 이번에도 레전드다…
ENHYPEN,ENHYPEN (엔하이픈) &#39;No Doubt&#39; Official MV,노래도 좋고 세련되고 멋지다
ENHYPEN,ENHYPEN (엔하이픈) &#39;No Doubt&#39; Official MV,너무 세련됨 역시 엔하이픈
ENHYPEN,ENHYPEN (엔하이픈) &#39;No Doubt&#39; Official MV,시간이 약이 되겠지... 다 괜찮아질 거야
ENHYPEN,ENHYPEN (엔하이픈) &#39;No Doubt&#39; Official MV,"ENHYPEN 노래를 처음 접하신 분들께, 딩고 퍼포먼스 꼭 보세요! 좋은 음악들이 정말 많아요. 노래도 잘하고 춤도 잘 추고, 정말 재능이 넘쳐요."
ENHYPEN,ENHYPEN (엔하이픈) &#39;No Doubt&#39; Official MV,부탁합니다!! XO도 들어보세요 애절하게 여름에 딱 맞는 곡 (솔직히 1년 내내 좋아하지만)
ENHYPEN,ENHYPEN (엔하이픈) &#39;No Doubt&#39; Official MV,바잇미 이후로 이만큼 다크한 컨셉 오랜만 아닌가? 개인적으로 좋음 이번 타이틀 되게 컨셉추얼하고 웹툰ost 느낌나서 느좋이야 후렴은 역시나 귀에 바로 들어오고ㅎㅎ
ENHYPEN,ENHYPEN (엔하이픈) &#39;No Doubt&#39; Official MV,하 이희승 ..ㅜㅜ
ENHYPEN,ENHYPEN (엔하이픈) &#39;No Doubt&#39; Official MV,왜 세상에 이런 뮤비가 있다는 걸 아무도 안 알려준거냐... 인생손해봤네
ENHYPEN,ENHYPEN (엔하이픈) &#39;No Doubt&#39; Official MV,엔하이픈은 항상 좋은 곡들을 내놓아요! 많은 분들이 저희 그룹을 알게 되어서 너무 기뻐요!
ENHYPEN,ENHYPEN (엔하이픈) &#39;No Doubt&#39; Official MV,"희승아, 네가 그리울 거야. 😭😭😭😭"
ENHYPEN,ENHYPEN (엔하이픈) &#39;No Doubt&#39; Official MV,"엔하이픈은 곡 맛집이랍니다! 다른 노래도 꼭꼭 들어보세요~~ 타이틀곡 뿐만 아니라 수록곡도 선택할 수 없는 정도로 다 띵곡입니닷! 노다웃 같은 스타일 죠아하는 분들 꼭 loose, brought the heat back, not for sale 한번 들어보시죠 :) 제 최애곡 말하자면은 fatal trouble, moonstruck, bite me, lucifer, teeth, too close, 몰랐어, 모 아니면 도, that feeling when, shout out! 그리고 내최애 앨범 dark blood랑 orange blood까지 한번 들어봐주셨으면 함ㅎ 입덕하시면 처음 앨범부터 듣는걸로~~"
ENHYPEN,ENHYPEN (엔하이픈) &#39;No Doubt&#39; Official MV,둘 셋 이희승 사랑해!!
ENHYPEN,ENHYPEN (엔하이픈) &#39;No Doubt&#39; Official MV,1억뷰 가보자~~!
BOYNEXTDOOR,BOYNEXTDOOR (보이넥스트도어) &#39;똑똑똑&#39; Official MV,원도어들 현 상태: 언제 나올 지도 모르는데.. 떴어!!!!!!
BOYNEXTDOOR,BOYNEXTDOOR (보이넥스트도어) &#39;똑똑똑&#39; Official MV,아니 고양이도 멤버들도 하나같이 나를 왜패는거임 내가 문인거임?
BOYNEXTDOOR,BOYNEXTDOOR (보이넥스트도어) &#39;똑똑똑&#39; Official MV,다음엔 제발 오전이나 저녁 8~10시에 공개하는걸로 합시다 이거 틀니어르신학대입니다 너무 피곤해요 진짜로
BOYNEXTDOOR,BOYNEXTDOOR (보이넥스트도어) &#39;똑똑똑&#39; Official MV,노래 헤메코 춤 다 좋은데? 모든게 맛깔남 또 다른 느낌 가져온 BND.. 그저 빛
BOYNEXTDOOR,BOYNEXTDOOR (보이넥스트도어) &#39;똑똑똑&#39; Official MV,이번 뮤비 얼빡샷 엄청 많은데 전혀 꿀리지 않고 조각상들 밖에 없고요;; 늘 주사위 6의 남자들;;
BOYNEXTDOOR,BOYNEXTDOOR (보이넥스트도어) &#39;똑똑똑&#39; Official MV,작곡 릴모쉬핏 작사 페노메코 크래딧 ㅈㄴ화려하다
BOYNEXTDOOR,BOYNEXTDOOR (보이넥스트도어) &#39;똑똑똑&#39; Official MV,"자, 잠깐 외출했던 원도어 여러분 집에 돌아오실 시간 입니다."
BOYNEXTDOOR,BOYNEXTDOOR (보이넥스트도어) &#39;똑똑똑&#39; Official MV,생각한거랑 많이 다르긴한데 듣고나서 생각나서 다시 옴 좀 많이 중독성 강함ㅋㅋㅋㅋㅋㅋㅋㅋㅋㅋㅋㅋㅋㅋㅋㅌㅌㅌㅋ
BOYNEXTDOOR,BOYNEXTDOOR (보이넥스트도어) &#39;똑똑똑&#39; Official MV,보넥도 신곡 진짜 레전드다
BOYNEXTDOOR,BOYNEXTDOOR (보이넥스트도어) &#39;똑똑똑&#39; Official MV,진짜 노래 처음부터 끝까지 지코 작곡 같음 ㅋㅋㅋㅋ 뮤비도 진짜 신선하네 부관불은 장난스러운 느낌이 좀 있었는데 이건 그런 거 없이 그냥 그대로 보여줘서 좋네
BOYNEXTDOOR,BOYNEXTDOOR (보이넥스트도어) &#39;똑똑똑&#39; Official MV,아이돌 덕질 10년차 이렇게 예고 없던 그룹은 처음이야 ..
BOYNEXTDOOR,BOYNEXTDOOR (보이넥스트도어) &#39;똑똑똑&#39; Official MV,명재현이랑한태산이이번에미쳤어..랩을진짜쫀득하게함
BOYNEXTDOOR,BOYNEXTDOOR (보이넥스트도어) &#39;똑똑똑&#39; Official MV,1:27 아니 선악을 따..지려면 약간 그 뭐냐 레이백? 개맛잇는데 진짜 사귀고 싶음 네가 래퍼다.
BOYNEXTDOOR,BOYNEXTDOOR (보이넥스트도어) &#39;똑똑똑&#39; Official MV,"언제 나올지도 몰랐는데 지금 조회수와 댓글들이 보넥도의 성공을 보여주고 있음,,,넥자님들 하고 싶은거 다해...노래도 중독성 있어서 머리에서 계속 맴돌아"
BOYNEXTDOOR,BOYNEXTDOOR (보이넥스트도어) &#39;똑똑똑&#39; Official MV,1:57 신호등을 사랑하는 코즈 재등장
BOYNEXTDOOR,BOYNEXTDOOR (보이넥스트도어) &#39;똑똑똑&#39; Official MV,원도어:선공개곡 언제 나오지? 코즈:3 원도어:3일뒤? 코즈:2..1 지금!
BOYNEXTDOOR,BOYNEXTDOOR (보이넥스트도어) &#39;똑똑똑&#39; Official MV,진짜 중독성 미쳤다…후후 이게 선공개곡이면 나머지는 얼마나 기대하라는건지 감도안옴
BOYNEXTDOOR,BOYNEXTDOOR (보이넥스트도어) &#39;똑똑똑&#39; Official MV,2절 랩 명재현 미쳤죠
BOYNEXTDOOR,BOYNEXTDOOR (보이넥스트도어) &#39;똑똑똑&#39; Official MV,보넥도표 쇠맛 미쳤나 너무 좋아요ㅜㅠ
BOYNEXTDOOR,BOYNEXTDOOR (보이넥스트도어) &#39;똑똑똑&#39; Official MV,"2:11 춤이 기대댑니다…,, + 방금 상혁씨가 안무가 맛있대잖아요 미친거야이건"
